GameID,Date,Player,IP,H,R,ER,BB,SO,HR,ERA,BF,Pit,Str,Ctct,StS,StL,GB,FB,LD,Unk,GSc,IR,IS,WPA,aLI,cWPA,acLI,RE24
LAN202007230,"July 23, 2020",Johnny Cueto,4,5,1,1,1,3,0,2.25,18,63,35,18,5,12,6,7,3,0,50,,,0.098,1.10,0.07%,1.29,1.2
LAN202007230,"July 23, 2020",Drew Smyly,1,0,0,0,1,2,0,0.00,5,20,12,6,2,4,1,1,1,0,,0,0,0.069,1.69,0.05%,1.97,0.5
LAN202007230,"July 23, 2020",Rico Garcia,1,1,0,0,0,0,0,0.00,4,10,8,6,1,1,3,1,0,0,,0,0,0.078,1.07,0.06%,1.25,0.5
LAN202007230,"July 23, 2020",Tyler Rogers,0.2,3,4,4,0,0,0,54.00,6,12,8,6,0,2,3,3,3,0,,0,0,-0.343,1.75,-0.24%,2.05,-2.8
LAN202007230,"July 23, 2020",Dany Jimenez,0.1,1,1,1,3,1,0,27.00,5,25,10,5,2,3,1,0,0,0,,1,1,-0.047,0.41,-0.03%,0.48,-1.7
LAN202007230,"July 23, 2020",Conner Menez,1,2,2,2,0,0,1,18.00,5,19,13,10,1,2,1,4,1,0,,0,0,-0.004,0.02,-0.00%,0.03,-1.5
LAN202007230,"July 23, 2020",Dustin May,4.1,7,1,1,0,4,0,2.08,20,60,46,28,8,10,9,7,3,0,49,,,0.012,1.25,0.01%,1.46,0.5
LAN202007230,"July 23, 2020",Caleb Ferguson,0.2,0,0,0,0,0,0,0.00,1,5,4,2,2,0,1,0,0,0,,2,0,0.154,2.36,0.11%,2.75,1.2
LAN202007230,"July 23, 2020",Pedro Baez,1.1,0,0,0,0,2,0,0.00,4,20,13,8,3,2,0,2,0,0,,0,0,0.118,1.14,0.08%,1.33,0.8
LAN202007230,"July 23, 2020",Adam Kolarek,1.2,0,0,0,0,2,0,0.00,5,14,10,6,1,3,1,2,1,0,,0,0,0.065,0.50,0.04%,0.58,0.8
LAN202007230,"July 23, 2020",Brusdar Graterol,1,1,0,0,0,0,0,0.00,3,9,8,6,0,2,3,0,0,0,,0,0,0.001,0.05,0.00%,0.06,0.5
WAS202007230,"July 23, 2020",Gerrit Cole,5,1,1,1,1,5,1,1.80,18,75,46,25,9,12,1,10,2,0,65,,,0.194,0.90,0.12%,0.96,1.7
WAS202007230,"July 23, 2020",Max Scherzer,5.1,6,4,4,4,11,1,6.75,26,98,62,25,21,16,6,5,3,0,47,,,-0.196,0.93,-0.12%,0.98,-2.0
BOS202007240,"July 24, 2020",Tommy Milone,3,4,4,4,3,5,0,12.00,15,57,32,11,12,9,1,6,4,0,37,,,-0.200,0.95,-0.14%,1.14,-2.3
BOS202007240,"July 24, 2020",Cody Carroll,0,1,4,4,3,0,0,inf,4,22,10,7,2,1,1,0,0,0,,0,0,-0.067,0.45,-0.05%,0.54,-2.9
BOS202007240,"July 24, 2020",Travis Lakins Sr.,2,5,2,2,0,3,0,9.00,11,44,30,22,4,4,2,6,6,0,,3,3,-0.025,0.07,-0.02%,0.09,-2.0
BOS202007240,"July 24, 2020",David Hess,3,7,3,3,1,1,0,9.00,17,67,43,35,3,5,5,10,3,0,,0,0,-0.002,0.00,-0.00%,0.01,-1.3
BOS202007240,"July 24, 2020",Nathan Eovaldi,6,5,1,1,1,4,0,1.50,23,89,67,40,7,20,12,6,5,0,61,,,0.206,0.55,0.14%,0.63,2.4
BOS202007240,"July 24, 2020",Austin Brice,1,1,1,1,0,2,1,9.00,4,18,13,7,3,3,0,2,1,0,,0,0,0.001,0.01,0.00%,0.01,-0.4
BOS202007240,"July 24, 2020",Phillips Valdez,2,0,0,0,0,2,0,0.00,7,28,15,6,3,6,2,1,0,0,,0,0,0.000,0.00,0.00%,0.00,1.1
CHA202007240,"July 24, 2020",Jose Berrios,4,7,5,5,1,1,1,11.25,19,75,52,34,7,11,9,8,7,0,28,,,-0.219,0.98,-0.15%,1.15,-2.9
CHA202007240,"July 24, 2020",Trevor May,1,0,0,0,1,1,0,0.00,4,23,13,6,2,5,1,1,0,0,,0,0,0.069,0.95,0.05%,1.11,0.5
CHA202007240,"July 24, 2020",Tyler Clippard,1,0,0,0,1,1,0,0.00,4,13,7,2,3,2,0,2,0,0,,0,0,0.077,1.71,0.05%,2.00,0.5
CHA202007240,"July 24, 2020",Tyler Duffey,1,1,0,0,0,2,0,0.00,4,13,11,3,4,4,0,2,1,0,,0,0,0.022,0.40,0.02%,0.47,0.5
CHA202007240,"July 24, 2020",Cody Stashak,2,1,0,0,0,3,0,0.00,7,28,21,12,6,3,0,4,3,0,,0,0,0.025,0.17,0.02%,0.20,1.1
CHA202007240,"July 24, 2020",Lucas Giolito,3.2,6,7,7,3,3,2,17.18,20,80,51,30,13,8,6,8,4,0,21,,,-0.309,1.11,-0.22%,1.30,-3.7
CHA202007240,"July 24, 2020",Evan Marshall,0.2,1,0,0,1,1,0,0.00,4,16,10,3,4,3,1,1,0,0,,3,2,-0.139,1.86,-0.10%,2.18,-1.0
CHA202007240,"July 24, 2020",Jace Fry,1.1,0,0,0,0,2,0,0.00,4,17,11,5,3,3,0,2,0,0,,0,0,0.054,0.53,0.04%,0.61,0.7
CHA202007240,"July 24, 2020",Jimmy Cordero,0.1,2,2,2,0,0,0,54.00,3,9,5,4,0,1,3,0,0,0,,0,0,-0.075,0.65,-0.05%,0.76,-1.2
CHA202007240,"July 24, 2020",Aaron Bummer,0.2,2,1,1,1,2,0,13.50,5,26,15,8,2,5,1,1,0,0,,2,2,-0.071,0.85,-0.05%,0.99,-1.6
CHA202007240,"July 24, 2020",Ross Detwiler,1,0,0,0,0,0,0,0.00,3,8,6,5,1,0,2,1,0,0,,2,0,0.011,0.13,0.01%,0.16,0.9
CHA202007240,"July 24, 2020",Kelvin Herrera,0.1,0,0,0,0,0,0,0.00,1,2,1,1,0,0,1,0,0,0,,0,0,0.001,0.04,0.00%,0.05,0.1
CHA202007240,"July 24, 2020",Codi Heuer,1,0,0,0,0,1,0,0.00,3,16,10,9,1,0,1,1,0,0,,0,0,0.002,0.02,0.00%,0.03,0.5
CHN202007240,"July 24, 2020",Brandon Woodruff,5,4,2,2,1,5,1,3.60,19,85,53,32,7,14,10,2,0,0,55,,,0.011,0.80,0.01%,0.93,0.7
CHN202007240,"July 24, 2020",Alex Claudio,0.2,0,0,0,0,1,0,0.00,3,15,11,4,2,5,1,1,0,0,,0,0,0.017,0.56,0.01%,0.65,0.3
CHN202007240,"July 24, 2020",Bobby Wahl,0.1,0,0,0,0,0,0,0.00,1,1,1,1,0,0,1,0,0,0,,1,0,0.016,0.53,0.01%,0.62,0.2
CHN202007240,"July 24, 2020",Corey Knebel,1,0,0,0,0,0,0,0.00,3,9,5,3,0,2,0,3,2,0,,0,0,0.027,0.34,0.02%,0.40,0.5
CHN202007240,"July 24, 2020",J.P. Feyereisen,1,1,1,1,0,1,1,9.00,4,19,10,5,4,1,1,2,1,0,,0,0,-0.027,0.20,-0.02%,0.24,-0.5
CHN202007240,"July 24, 2020",Kyle Hendricks,9,3,0,0,0,9,0,0.00,30,103,74,37,19,18,13,8,4,0,90,,,0.544,0.88,0.39%,1.03,4.9
CIN202007240,"July 24, 2020",Matthew Boyd,5,6,4,4,2,2,1,7.20,23,88,53,32,8,13,6,11,6,0,39,,,-0.137,0.91,-0.09%,0.96,-1.0
CIN202007240,"July 24, 2020",Jose Cisnero,1,2,1,1,1,1,0,9.00,6,26,17,11,3,3,3,1,1,0,,0,0,-0.029,0.37,-0.02%,0.40,-0.4
CIN202007240,"July 24, 2020",David McKay,0.1,1,2,2,1,0,1,54.00,3,14,6,4,0,2,0,2,2,0,,0,0,-0.026,0.15,-0.02%,0.16,-1.7
CIN202007240,"July 24, 2020",Gregory Soto,0.2,0,0,0,0,1,0,0.00,2,6,4,1,0,3,0,1,0,0,,0,0,0.001,0.03,0.00%,0.03,0.3
CIN202007240,"July 24, 2020",Buck Farmer,1,0,0,0,0,0,0,0.00,3,14,8,5,1,2,1,2,0,0,,0,0,0.001,0.01,0.00%,0.01,0.6
CIN202007240,"July 24, 2020",Sonny Gray,6,3,1,1,2,9,1,1.50,21,90,57,20,15,22,6,4,4,0,69,,,0.263,0.84,0.17%,0.90,2.6
CIN202007240,"July 24, 2020",Lucas Sims,1,0,0,0,1,2,0,0.00,4,23,14,6,3,5,0,1,0,0,,0,0,0.036,0.81,0.02%,0.87,0.6
CIN202007240,"July 24, 2020",Nate Jones,1,0,0,0,0,1,0,0.00,3,7,6,2,3,1,1,1,1,0,,0,0,0.009,0.11,0.01%,0.12,0.6
CIN202007240,"July 24, 2020",Brooks Raley,1,0,0,0,0,1,0,0.00,3,13,10,6,1,3,0,2,0,0,,0,0,0.003,0.04,0.00%,0.05,0.6
CLE202007240,"July 24, 2020",Danny Duffy,4.1,3,2,2,0,2,0,4.15,17,65,40,29,3,8,4,10,2,0,51,,,0.134,1.02,0.09%,1.20,1.5
CLE202007240,"July 24, 2020",Scott Barlow,0.2,2,0,0,0,1,0,0.00,5,16,8,5,2,1,3,0,0,0,,2,2,-0.119,1.69,-0.08%,1.98,-0.8
CLE202007240,"July 24, 2020",Greg Holland,1,0,0,0,2,0,0,0.00,5,24,13,7,2,4,2,1,0,0,,0,0,0.032,0.55,0.02%,0.65,0.5
CLE202007240,"July 24, 2020",Tyler Zuber,2,0,0,0,1,0,0,0.00,6,22,14,8,3,3,4,1,1,0,,0,0,0.042,0.30,0.03%,0.35,1.1
CLE202007240,"July 24, 2020",Shane Bieber,6,4,0,0,1,14,0,0.00,23,97,62,25,19,18,2,5,3,0,77,,,0.356,1.05,0.25%,1.23,3.2
CLE202007240,"July 24, 2020",Adam Cimber,1,0,0,0,1,0,0,0.00,4,20,11,11,0,0,2,1,0,0,,0,0,0.074,1.01,0.05%,1.18,0.5
CLE202007240,"July 24, 2020",Nick Wittgren,1,0,0,0,0,2,0,0.00,4,14,9,4,3,2,0,1,0,0,,0,0,0.079,1.07,0.06%,1.26,0.5
CLE202007240,"July 24, 2020",Brad Hand,1,0,0,0,0,2,0,0.00,4,20,14,9,2,3,0,1,0,0,,0,0,0.079,1.98,0.06%,2.32,0.5
HOU202007240,"July 24, 2020",Marco Gonzales,4.1,5,4,3,1,2,0,6.23,20,73,47,27,5,15,7,10,4,0,40,,,-0.116,1.36,-0.08%,1.60,-0.5
HOU202007240,"July 24, 2020",Zac Grotz,0.2,2,2,2,0,0,1,27.00,4,19,13,8,2,3,1,3,1,0,,2,2,-0.259,1.12,-0.18%,1.32,-2.8
HOU202007240,"July 24, 2020",Anthony Misiewicz,1,2,1,1,0,1,0,9.00,5,23,12,7,3,2,1,3,2,0,,0,0,-0.017,0.18,-0.01%,0.21,-0.5
HOU202007240,"July 24, 2020",Carl Edwards Jr.,1,1,1,1,1,0,0,9.00,5,13,7,5,1,1,3,1,0,0,,0,0,-0.006,0.08,-0.00%,0.09,-0.5
HOU202007240,"July 24, 2020",Yohan Ramirez,1,0,0,0,2,2,0,0.00,5,22,12,6,2,4,0,1,0,0,,0,0,0.001,0.02,0.00%,0.02,0.5
HOU202007240,"July 24, 2020",Justin Verlander,6,3,2,2,1,7,2,3.00,21,73,48,27,9,12,8,5,1,0,64,,,0.073,0.74,0.05%,0.86,1.3
HOU202007240,"July 24, 2020",Chris Devenski,1,1,0,0,0,3,0,0.00,4,22,12,2,5,5,0,1,1,0,,0,0,0.019,0.26,0.01%,0.29,0.5
HOU202007240,"July 24, 2020",Blake Taylor,1,0,0,0,0,0,0,0.00,3,9,5,4,1,0,2,1,0,0,,0,0,0.007,0.09,0.01%,0.11,0.5
HOU202007240,"July 24, 2020",Enoli Paredes,1,1,0,0,0,0,0,0.00,4,16,10,6,2,2,2,2,1,0,,0,0,0.003,0.06,0.00%,0.07,0.5
LAN202007240,"July 24, 2020",Tyler Anderson,1.2,3,2,2,3,0,1,10.80,11,38,19,11,2,6,1,7,5,0,38,,,-0.043,1.12,-0.03%,1.31,-0.4
LAN202007240,"July 24, 2020",Rico Garcia,0.1,1,0,0,0,0,0,0.00,2,4,4,3,0,1,0,2,2,0,,2,1,-0.059,1.32,-0.04%,1.55,-0.5
LAN202007240,"July 24, 2020",Kevin Gausman,4,6,3,2,1,2,1,4.50,18,58,40,27,3,10,6,9,7,0,,0,0,-0.092,0.81,-0.07%,0.94,-0.8
LAN202007240,"July 24, 2020",Sam Coonrod,0.2,2,2,2,2,0,0,27.00,6,18,8,6,0,2,3,1,1,0,,0,0,-0.024,0.14,-0.02%,0.17,-2.0
LAN202007240,"July 24, 2020",Wandy Peralta,1.1,1,2,0,2,1,0,0.00,9,33,18,10,4,4,4,2,1,0,,2,0,0.000,0.02,0.00%,0.02,-0.9
LAN202007240,"July 24, 2020",Ross Stripling,7,4,1,1,0,7,1,1.29,25,92,64,37,12,15,8,10,3,0,72,,,0.274,0.88,0.19%,1.04,2.8
LAN202007240,"July 24, 2020",Jake McGee,1,0,0,0,1,0,0,0.00,4,19,11,7,2,2,2,1,0,0,,0,0,0.007,0.09,0.01%,0.11,0.5
LAN202007240,"July 24, 2020",Dylan Floro,1,0,0,0,0,2,0,0.00,3,11,8,2,3,3,1,0,0,0,,0,0,0.001,0.01,0.00%,0.01,0.5
NYN202007240,"July 24, 2020",Mike Soroka,6,4,0,0,0,3,0,0.00,21,69,48,30,9,9,9,8,4,0,67,,,0.361,1.14,0.26%,1.36,3.1
NYN202007240,"July 24, 2020",Chris Martin,1,1,1,1,0,1,1,9.00,4,15,11,9,1,1,1,2,0,0,,0,0,-0.154,0.91,-0.11%,1.09,-0.5
NYN202007240,"July 24, 2020",Shane Greene,1,1,0,0,0,0,0,0.00,4,9,6,5,0,1,1,3,1,0,,0,0,0.032,0.45,0.02%,0.54,0.5
NYN202007240,"July 24, 2020",Jacob deGrom,5,1,0,0,1,8,0,0.00,17,72,48,20,16,12,3,5,1,0,72,,,0.284,0.75,0.20%,0.89,2.6
NYN202007240,"July 24, 2020",Seth Lugo,2,1,0,0,0,3,0,0.00,7,30,19,8,10,1,2,2,2,0,,0,0,0.166,1.62,0.12%,1.91,1.0
NYN202007240,"July 24, 2020",Justin Wilson,1,1,0,0,0,2,0,0.00,4,17,12,5,3,4,1,1,0,0,,0,0,0.123,2.84,0.09%,3.35,0.5
NYN202007240,"July 24, 2020",Edwin Díaz,1,0,0,0,1,2,0,0.00,4,13,8,5,2,1,1,0,0,0,,0,0,0.167,2.95,0.12%,3.48,0.5
OAK202007240,"July 24, 2020",Andrew Heaney,4.2,2,1,1,0,6,1,1.93,16,67,44,24,12,8,1,9,4,0,62,,,0.117,0.88,0.08%,1.03,1.3
OAK202007240,"July 24, 2020",Noe Ramirez,0.1,0,0,0,2,0,0,0.00,3,17,6,3,1,2,0,1,0,0,,1,0,0.032,2.35,0.02%,2.76,0.2
OAK202007240,"July 24, 2020",Mike Mayers,1,0,0,0,1,0,0,0.00,3,7,3,2,1,0,1,1,0,0,,0,0,0.076,1.71,0.05%,2.01,0.5
OAK202007240,"July 24, 2020",Jacob Barnes,1,1,0,0,0,2,0,0.00,4,15,10,4,4,2,0,2,2,0,,0,0,0.109,1.93,0.08%,2.27,0.5
OAK202007240,"July 24, 2020",Ty Buttrey,0.2,2,2,2,2,0,0,27.00,5,26,12,8,2,2,1,2,1,0,,0,0,-0.543,1.91,-0.38%,2.25,-1.7
OAK202007240,"July 24, 2020",Ryan Buchter,0.1,0,0,0,1,1,0,0.00,2,11,6,2,1,3,0,0,0,0,,1,0,0.015,0.91,0.01%,1.07,0.2
OAK202007240,"July 24, 2020",Hansel Robles,1.1,1,3,2,1,2,0,13.50,7,25,16,9,2,5,0,3,0,0,,0,0,0.117,3.11,0.08%,3.66,0.1
OAK202007240,"July 24, 2020",Hoby Milner,0,1,1,1,0,0,1,inf,1,1,1,1,0,0,0,1,0,0,,3,3,-0.166,5.60,-0.12%,6.58,-2.7
OAK202007240,"July 24, 2020",Frankie Montas,4,3,1,1,3,5,0,2.25,18,81,44,17,9,18,4,5,4,0,54,,,0.082,1.25,0.06%,1.47,1.0
OAK202007240,"July 24, 2020",Yusmeiro Petit,1,1,0,0,0,1,0,0.00,4,11,9,4,1,4,3,0,0,0,,0,0,0.067,1.45,0.05%,1.70,0.5
OAK202007240,"July 24, 2020",T.J. McFarland,1,0,0,0,0,0,0,0.00,3,13,7,5,0,2,2,1,0,0,,0,0,0.076,0.99,0.05%,1.16,0.5
OAK202007240,"July 24, 2020",Joakim Soria,1,0,1,0,0,0,0,0.00,4,15,10,7,1,2,2,2,1,0,,0,0,-0.137,1.65,-0.10%,1.94,-0.5
OAK202007240,"July 24, 2020",Jake Diekman,1,0,0,0,0,0,0,0.00,3,7,5,5,0,0,0,3,2,0,,0,0,0.053,0.69,0.04%,0.81,0.5
OAK202007240,"July 24, 2020",Liam Hendriks,1,2,1,1,2,2,1,9.00,7,28,15,9,3,3,1,2,1,0,,0,0,-0.196,3.69,-0.14%,4.33,-0.5
OAK202007240,"July 24, 2020",Burch Smith,1,1,0,0,1,0,0,0.00,5,18,10,8,1,1,2,2,1,0,,0,0,0.312,4.59,0.22%,5.39,1.1
PHI202007240,"July 24, 2020",Sandy Alcantara,6.2,3,2,1,2,7,1,1.35,24,87,56,25,13,18,8,7,5,0,67,,,0.221,0.86,0.16%,1.01,2.6
PHI202007240,"July 24, 2020",Brad Boxberger,0.1,0,0,0,0,0,0,0.00,2,8,4,3,1,0,1,1,0,0,,1,1,-0.021,0.83,-0.01%,0.98,-0.8
PHI202007240,"July 24, 2020",Yimi Garcia,1,1,0,0,1,1,0,0.00,5,22,12,7,1,4,2,1,1,0,,0,0,0.058,1.00,0.04%,1.18,0.5
PHI202007240,"July 24, 2020",Brandon Kintzler,1,1,0,0,0,0,0,0.00,3,7,6,3,1,2,1,2,1,0,,0,0,0.047,1.41,0.03%,1.67,0.5
PHI202007240,"July 24, 2020",Aaron Nola,5.1,5,4,4,1,7,1,6.75,21,80,58,31,12,15,6,7,3,0,48,,,-0.129,0.98,-0.09%,1.14,-0.4
PHI202007240,"July 24, 2020",Ramon Rosso,0.1,1,1,1,1,1,0,27.00,3,19,10,6,3,1,0,1,1,0,,1,1,-0.121,1.18,-0.08%,1.37,-1.6
PHI202007240,"July 24, 2020",Reggie McClain,1,0,0,0,0,0,0,0.00,3,12,7,5,0,2,2,1,0,0,,1,0,0.023,0.28,0.02%,0.33,0.8
PHI202007240,"July 24, 2020",Austin Davis,1,2,0,0,0,0,0,0.00,5,23,18,10,3,5,3,2,1,0,,0,0,0.007,0.26,0.01%,0.31,0.2
PHI202007240,"July 24, 2020",Trevor Kelley,1.1,1,0,0,1,1,0,0.00,6,26,15,7,1,7,2,2,1,0,,2,0,0.025,0.28,0.02%,0.33,1.0
SDN202007240,"July 24, 2020",Madison Bumgarner,5.2,4,3,3,3,4,0,4.76,23,100,63,38,8,17,3,13,7,0,50,,,-0.050,1.40,-0.03%,1.62,-0.3
SDN202007240,"July 24, 2020",Junior Guerra,0.1,0,0,0,1,0,0,0.00,2,10,4,2,1,1,1,0,0,0,,1,0,0.013,0.51,0.01%,0.59,0.3
SDN202007240,"July 24, 2020",Kevin Ginkel,0.2,3,4,4,2,2,0,54.00,7,33,17,5,6,6,2,1,1,0,,0,0,-0.105,0.56,-0.07%,0.65,-3.8
SDN202007240,"July 24, 2020",Stefan Crichton,0.1,0,0,0,0,1,0,0.00,1,4,3,0,1,2,0,0,0,0,,1,0,0.001,0.04,0.00%,0.05,0.3
SDN202007240,"July 24, 2020",Yoan López,1,1,0,0,1,1,0,0.00,4,21,11,6,0,5,2,0,0,0,,0,0,0.001,0.01,0.00%,0.01,0.5
SDN202007240,"July 24, 2020",Chris Paddack,6,4,0,0,1,4,0,0.00,21,81,63,36,10,17,8,8,5,0,67,,,0.358,1.03,0.25%,1.21,3.1
SDN202007240,"July 24, 2020",Emilio Pagan,1,1,1,1,0,0,1,9.00,4,13,12,8,1,3,1,3,2,0,,0,0,-0.007,0.59,-0.01%,0.70,-0.5
SDN202007240,"July 24, 2020",Drew Pomeranz,1,0,0,0,0,2,0,0.00,3,14,10,5,2,3,0,1,0,0,,0,0,0.006,0.08,0.00%,0.09,0.5
SDN202007240,"July 24, 2020",Javy Guerra,1,2,1,1,0,1,0,9.00,5,19,12,9,2,1,2,2,1,0,,0,0,0.003,0.05,0.00%,0.06,-0.5
SLN202007240,"July 24, 2020",Joe Musgrove,5.2,5,3,3,3,7,2,4.76,23,99,61,29,12,20,5,8,4,0,51,,,0.009,0.75,0.01%,0.89,0.6
SLN202007240,"July 24, 2020",Clay Holmes,1.1,2,0,0,0,1,0,0.00,6,22,13,5,4,4,3,2,1,0,,2,1,-0.004,0.75,-0.00%,0.89,0.0
SLN202007240,"July 24, 2020",Richard Rodriguez,1,2,2,2,0,1,1,18.00,5,18,12,7,1,4,2,2,2,0,,0,0,-0.099,0.32,-0.07%,0.38,-1.5
SLN202007240,"July 24, 2020",Jack Flaherty,7,6,2,2,0,6,0,2.57,27,89,62,29,15,18,11,10,6,0,63,,,0.250,1.34,0.17%,1.54,1.6
SLN202007240,"July 24, 2020",Ryan Helsley,1,0,0,0,0,0,0,0.00,3,15,10,6,3,1,0,3,0,0,,0,0,0.122,1.59,0.08%,1.84,0.5
SLN202007240,"July 24, 2020",Kwang Hyun Kim,1,2,2,1,0,0,0,9.00,5,19,14,12,2,0,3,2,2,0,,0,0,0.034,2.73,0.02%,3.15,-1.5
TBA202007240,"July 24, 2020",Hyun Jin Ryu,4.2,4,3,3,3,4,1,5.79,22,97,54,29,13,12,8,6,2,0,45,,,0.026,0.97,0.02%,1.15,-0.8
TBA202007240,"July 24, 2020",Jordan Romano,1,0,0,0,2,2,0,0.00,5,21,12,6,1,5,1,0,0,0,,1,0,0.062,1.02,0.04%,1.20,0.6
TBA202007240,"July 24, 2020",Anthony Bass,1.1,0,0,0,0,0,0,0.00,4,17,11,6,1,4,2,2,0,0,,1,0,0.079,0.75,0.06%,0.89,0.7
TBA202007240,"July 24, 2020",Rafael Dolis,1,1,1,0,2,1,0,0.00,7,27,12,5,2,5,1,3,1,0,,0,0,0.010,3.82,0.01%,4.49,-0.5
TBA202007240,"July 24, 2020",Ken Giles,1,0,0,0,1,2,0,0.00,4,20,13,5,7,1,0,1,0,0,,0,0,0.091,1.37,0.06%,1.61,0.5
TBA202007240,"July 24, 2020",Charlie Morton,4,7,6,6,1,4,1,13.50,20,80,54,36,8,10,3,12,4,0,27,,,-0.320,1.11,-0.22%,1.29,-4.0
TBA202007240,"July 24, 2020",Ryan Thompson,2,1,0,0,1,0,0,0.00,8,31,18,14,0,4,3,4,1,0,,0,0,0.035,0.44,0.03%,0.51,1.0
TBA202007240,"July 24, 2020",Jalen Beeks,2,1,0,0,0,5,0,0.00,7,33,24,10,9,5,0,2,0,0,,0,0,0.035,0.27,0.03%,0.31,1.0
TBA202007240,"July 24, 2020",Jose Alvarado,1,0,0,0,1,2,0,0.00,4,18,10,3,2,5,1,0,0,0,,0,0,0.017,0.35,0.01%,0.41,0.5
TEX202007240,"July 24, 2020",German Marquez,5.2,2,1,1,3,6,0,1.59,23,94,56,31,15,10,7,7,3,0,64,,,0.139,1.12,0.09%,1.20,1.8
TEX202007240,"July 24, 2020",Carlos Estevez,1.1,1,0,0,0,0,0,0.00,5,11,7,5,0,2,1,4,4,0,,1,0,0.080,0.86,0.05%,0.92,0.9
TEX202007240,"July 24, 2020",Jairo Diaz,1,0,0,0,0,0,0,0.00,3,11,6,5,0,1,0,3,1,0,,0,0,0.033,0.42,0.02%,0.45,0.5
TEX202007240,"July 24, 2020",Lance Lynn,6,2,0,0,4,9,0,0.00,24,108,64,37,12,15,0,11,4,0,73,,,0.362,1.12,0.23%,1.18,3.2
TEX202007240,"July 24, 2020",Jesse Chavez,1,0,0,0,0,1,0,0.00,3,10,8,7,0,1,2,0,0,0,,0,0,0.098,1.27,0.06%,1.33,0.5
TEX202007240,"July 24, 2020",Jonathan Hernandez,1,1,0,0,1,2,0,0.00,5,20,12,8,2,2,1,1,0,0,,0,0,0.124,3.11,0.08%,3.27,0.5
TEX202007240,"July 24, 2020",Jose Leclerc,1,0,0,0,1,2,0,0.00,4,23,11,3,4,4,0,1,0,0,,0,0,0.168,3.56,0.11%,3.74,0.5
BOS202007250,"July 25, 2020",Alex Cobb,5.1,4,1,1,0,6,1,1.69,22,78,47,22,10,15,8,7,6,0,62,,,0.162,0.67,0.11%,0.78,2.1
BOS202007250,"July 25, 2020",Paul Fry,0.1,3,1,1,0,0,0,27.00,4,13,9,6,0,3,3,1,1,0,,0,0,-0.088,0.78,-0.06%,0.91,-1.2
BOS202007250,"July 25, 2020",Miguel Castro,0.1,0,0,0,0,1,0,0.00,1,3,3,1,1,1,0,0,0,0,,2,0,0.060,2.06,0.04%,2.39,0.5
BOS202007250,"July 25, 2020",Richard Bleier,1.2,1,0,0,0,2,0,0.00,7,25,17,6,5,6,3,1,1,0,,0,0,0.037,0.41,0.03%,0.48,0.8
BOS202007250,"July 25, 2020",Mychal Givens,1.1,1,0,0,0,2,0,0.00,5,21,14,8,4,2,0,3,2,0,,1,0,0.018,0.14,0.01%,0.17,0.9
BOS202007250,"July 25, 2020",Martin Perez,5,6,5,4,2,2,0,7.20,23,84,52,39,7,6,6,13,8,0,37,,,-0.259,0.70,-0.18%,0.82,-2.1
BOS202007250,"July 25, 2020",Heath Hembree,1,0,0,0,0,0,0,0.00,3,14,7,4,2,1,0,3,0,0,,0,0,0.012,0.16,0.01%,0.19,0.6
BOS202007250,"July 25, 2020",Dylan Covey,2,3,2,2,0,2,0,9.00,9,21,17,8,5,4,4,3,2,0,,0,0,-0.067,0.34,-0.05%,0.39,-0.9
BOS202007250,"July 25, 2020",Josh Osich,1,1,0,0,0,1,0,0.00,4,8,7,4,1,2,3,0,0,0,,0,0,0.002,0.03,0.00%,0.04,0.6
CHA202007250,"July 25, 2020",Randy Dobnak,4,3,1,1,2,3,0,2.25,17,73,51,33,9,9,10,2,2,0,53,,,0.086,1.04,0.06%,1.23,1.1
CHA202007250,"July 25, 2020",Zack Littell,1,4,4,4,0,1,3,36.00,7,24,18,15,2,1,2,4,1,0,,0,0,-0.244,0.44,-0.17%,0.52,-3.5
CHA202007250,"July 25, 2020",Devin Smeltzer,2,6,5,5,1,5,2,22.50,13,50,30,16,7,7,3,4,3,0,,0,0,-0.104,0.33,-0.07%,0.39,-3.9
CHA202007250,"July 25, 2020",Matt Wisler,1,1,0,0,1,2,0,0.00,5,24,14,6,5,3,0,2,1,0,,0,0,0.000,0.00,0.00%,0.00,0.5
CHA202007250,"July 25, 2020",Dallas Keuchel,5.1,3,2,2,0,1,0,3.38,19,73,47,28,4,15,11,7,4,0,55,,,0.262,0.77,0.18%,0.90,2.0
CHA202007250,"July 25, 2020",Steve Cishek,1,1,1,1,0,0,1,9.00,4,16,10,4,2,4,2,2,1,0,,2,2,-0.053,0.81,-0.04%,0.94,-1.5
CHA202007250,"July 25, 2020",Aaron Bummer,0.2,0,0,0,1,1,0,6.75,3,13,5,3,1,1,1,0,0,0,,0,0,0.025,0.56,0.02%,0.66,0.3
CHA202007250,"July 25, 2020",Evan Marshall,1,1,0,0,1,2,0,0.00,5,24,16,7,5,4,2,0,0,0,,0,0,0.003,0.10,0.00%,0.11,0.5
CHA202007250,"July 25, 2020",Jimmy Lambert,1,1,0,0,0,1,0,0.00,4,17,12,7,3,2,1,2,0,0,,0,0,0.001,0.02,0.00%,0.02,0.5
CHN202007250,"July 25, 2020",Corbin Burnes,3.1,2,1,1,3,6,0,2.70,16,75,42,16,13,13,4,2,1,0,55,,,0.058,0.97,0.04%,1.13,0.6
CHN202007250,"July 25, 2020",Brent Suter,2.2,3,2,2,0,3,1,6.75,11,45,32,18,4,10,4,4,3,0,,1,0,-0.018,1.16,-0.01%,1.35,-0.3
CHN202007250,"July 25, 2020",Devin Williams,1,1,0,0,1,1,0,0.00,6,22,14,5,5,4,1,2,1,0,,0,0,0.024,0.79,0.02%,0.92,0.5
CHN202007250,"July 25, 2020",David Phelps,1,0,0,0,1,0,0,0.00,3,12,6,3,1,2,1,1,1,0,,0,0,0.017,0.39,0.01%,0.46,0.5
CHN202007250,"July 25, 2020",Eric Yardley,1,0,0,0,0,1,0,0.00,3,20,16,11,3,2,2,0,0,0,,0,0,0.009,0.12,0.01%,0.14,0.5
CHN202007250,"July 25, 2020",Yu Darvish,4,6,3,3,0,5,0,6.75,20,73,50,28,11,11,5,9,7,0,43,,,-0.118,1.17,-0.08%,1.36,-0.8
CHN202007250,"July 25, 2020",Duane Underwood Jr.,1,1,1,1,0,1,1,9.00,5,17,9,4,2,3,2,1,0,0,,0,0,-0.054,0.48,-0.04%,0.56,-0.5
CHN202007250,"July 25, 2020",Brad Wieck,1,1,2,2,1,2,1,18.00,5,20,11,5,1,5,0,2,0,0,,0,0,-0.174,0.69,-0.12%,0.81,-1.5
CHN202007250,"July 25, 2020",James Norwood,1,3,2,2,0,0,0,18.00,5,16,12,9,1,2,1,4,2,0,,0,0,-0.070,0.37,-0.05%,0.43,-1.5
CHN202007250,"July 25, 2020",Rex Brothers,1,0,0,0,1,2,0,0.00,4,18,8,2,6,0,0,1,1,0,,0,0,0.005,0.09,0.00%,0.10,0.5
CHN202007250,"July 25, 2020",Dillon Maples,1,0,0,0,0,1,0,0.00,3,14,8,2,4,2,1,1,0,0,,0,0,0.002,0.03,0.00%,0.03,0.5
CIN202007250,"July 25, 2020",Ivan Nova,5,3,3,3,4,2,2,5.40,21,73,42,29,6,7,9,6,2,0,47,,,-0.060,0.68,-0.04%,0.71,-0.0
CIN202007250,"July 25, 2020",Tyler Alexander,1.2,2,1,1,0,1,1,5.40,6,22,15,10,2,3,3,2,0,0,,0,0,-0.095,0.92,-0.06%,0.96,0.1
CIN202007250,"July 25, 2020",Bryan Garcia,0.1,1,0,0,1,0,0,0.00,3,14,6,4,0,2,1,1,0,0,,0,0,0.023,1.73,0.01%,1.79,0.1
CIN202007250,"July 25, 2020",Buck Farmer,1,0,0,0,1,1,0,0.00,5,21,11,4,4,3,2,1,1,0,,0,0,0.118,2.32,0.07%,2.41,0.6
CIN202007250,"July 25, 2020",Joe Jimenez,1,0,0,0,1,1,0,0.00,4,20,11,7,0,4,1,1,0,0,,0,0,0.112,2.06,0.07%,2.14,0.6
CIN202007250,"July 25, 2020",Luis Castillo,6,6,1,1,1,11,0,1.50,25,91,64,30,22,12,8,5,1,0,66,,,0.272,1.06,0.17%,1.12,2.6
CIN202007250,"July 25, 2020",Robert Stephenson,0.1,2,2,2,0,1,1,54.00,3,8,7,4,1,2,0,2,0,0,,0,0,-0.123,1.92,-0.08%,2.03,-1.0
CIN202007250,"July 25, 2020",Michael Lorenzen,0.2,1,1,1,0,1,1,13.50,3,11,8,5,1,2,1,1,1,0,,1,1,-0.280,1.66,-0.18%,1.76,-1.4
CIN202007250,"July 25, 2020",Amir Garrett,1,0,0,0,0,2,0,0.00,3,10,8,2,5,1,1,0,0,0,,0,0,0.118,1.47,0.07%,1.55,0.6
CIN202007250,"July 25, 2020",Raisel Iglesias,1,3,2,2,0,2,1,18.00,6,25,18,10,4,4,1,3,1,0,,0,0,-0.388,1.27,-0.25%,1.34,-1.4
CLE202007250,"July 25, 2020",Brady Singer,5,3,2,2,2,7,0,3.60,20,80,49,17,14,18,6,5,2,0,58,,,0.069,1.11,0.05%,1.31,0.7
CLE202007250,"July 25, 2020",Ian Kennedy,2,0,0,0,0,1,0,0.00,6,19,15,9,2,4,2,3,0,0,,0,0,0.168,1.08,0.12%,1.28,1.1
CLE202007250,"July 25, 2020",Trevor Rosenthal,1,0,0,0,0,2,0,0.00,3,11,8,3,2,3,0,1,0,0,,0,0,0.111,1.43,0.08%,1.70,0.5
CLE202007250,"July 25, 2020",Scott Barlow,1,1,0,0,2,2,0,0.00,6,17,9,4,3,2,1,1,1,0,,0,0,0.145,4.09,0.10%,4.84,0.5
CLE202007250,"July 25, 2020",Greg Holland,1,0,0,0,0,3,0,0.00,4,20,12,3,5,4,0,0,0,0,,0,0,0.456,6.06,0.32%,7.18,1.2
CLE202007250,"July 25, 2020",Mike Clevinger,7,4,2,2,0,6,2,2.57,25,90,60,32,12,16,8,11,5,0,67,,,0.237,0.80,0.17%,0.97,1.8
CLE202007250,"July 25, 2020",Nick Wittgren,1,1,0,0,0,0,0,0.00,4,11,9,5,2,2,1,3,2,0,,0,0,0.111,1.89,0.08%,2.28,0.5
CLE202007250,"July 25, 2020",James Karinchak,2,0,1,0,1,1,0,0.00,6,28,21,10,3,8,1,3,1,0,,0,0,0.101,2.49,0.07%,3.01,0.7
HOU202007250,"July 25, 2020",Taijuan Walker,3.1,7,5,5,1,1,1,13.50,17,67,38,27,3,8,4,10,6,0,26,,,-0.170,0.86,-0.12%,1.02,-2.3
HOU202007250,"July 25, 2020",Brandon Brennan,1.1,2,1,1,2,0,0,6.75,7,31,15,8,5,2,1,4,2,0,,2,2,-0.066,0.37,-0.05%,0.43,-1.5
HOU202007250,"July 25, 2020",Nestor Cortes,1.1,1,1,1,0,1,1,6.75,5,15,10,6,2,2,1,3,1,0,,2,0,-0.009,0.18,-0.01%,0.21,0.1
HOU202007250,"July 25, 2020",Bryan Shaw,1,0,0,0,0,0,0,0.00,4,19,9,5,1,3,3,0,0,0,,0,0,0.004,0.05,0.00%,0.06,0.5
HOU202007250,"July 25, 2020",Taylor Williams,1,0,0,0,0,1,0,0.00,3,14,8,4,3,1,0,2,0,0,,0,0,0.002,0.02,0.00%,0.03,0.5
HOU202007250,"July 25, 2020",Lance McCullers Jr.,6,5,2,2,3,6,1,3.00,24,92,55,20,12,23,11,4,4,0,57,,,0.221,0.94,0.16%,1.12,1.3
HOU202007250,"July 25, 2020",Cristian Javier,1,1,0,0,0,1,0,0.00,4,16,11,6,2,3,1,2,0,0,,0,0,0.019,0.34,0.01%,0.40,0.5
HOU202007250,"July 25, 2020",Cy Sneed,1,1,0,0,0,3,0,0.00,4,18,13,5,2,6,0,1,1,0,,0,0,0.014,0.26,0.01%,0.31,0.5
HOU202007250,"July 25, 2020",Roberto Osuna,1,1,0,0,0,0,0,0.00,4,16,10,6,2,2,3,1,1,0,,0,0,0.007,0.09,0.01%,0.10,0.5
LAN202007250,"July 25, 2020",Logan Webb,4,6,1,1,1,2,0,2.25,18,70,40,19,4,16,3,10,4,0,47,,,0.075,1.11,0.05%,1.27,0.8
LAN202007250,"July 25, 2020",Caleb Baragar,2,0,0,0,0,1,0,0.00,5,19,14,9,1,4,0,4,2,0,,1,0,0.119,0.81,0.08%,0.92,1.5
LAN202007250,"July 25, 2020",Shaun Anderson,1,0,0,0,1,3,0,0.00,4,17,10,1,4,5,0,0,0,0,,0,0,0.038,0.90,0.03%,1.03,0.5
LAN202007250,"July 25, 2020",Tony Watson,0.2,1,2,0,0,0,0,0.00,5,19,11,5,1,5,2,2,2,0,,0,0,-0.077,0.86,-0.05%,0.99,-1.7
LAN202007250,"July 25, 2020",Tyler Rogers,0.1,1,0,0,0,0,0,36.00,3,10,6,2,2,2,2,0,0,0,,1,0,0.045,3.66,0.03%,4.19,0.2
LAN202007250,"July 25, 2020",Trevor Gott,1,1,1,1,0,0,1,9.00,4,13,7,6,0,1,1,3,2,0,,0,0,0.100,2.55,0.07%,2.92,-0.5
LAN202007250,"July 25, 2020",Alex Wood,3,3,3,3,3,4,1,9.00,15,69,40,17,12,11,6,2,1,0,42,,,-0.156,1.17,-0.11%,1.39,-1.4
LAN202007250,"July 25, 2020",Dennis Santana,2,3,2,2,0,3,0,9.00,10,34,25,13,6,6,0,6,5,0,,0,0,-0.104,0.76,-0.07%,0.90,-0.9
LAN202007250,"July 25, 2020",Joe Kelly,1,0,0,0,1,2,0,0.00,3,17,11,2,3,6,0,0,0,0,,0,0,0.017,0.23,0.01%,0.27,0.5
LAN202007250,"July 25, 2020",Blake Treinen,1,0,0,0,0,1,0,0.00,3,8,7,3,1,3,2,0,0,0,,0,0,0.014,0.18,0.01%,0.21,0.5
LAN202007250,"July 25, 2020",Jake McGee,1,1,0,0,0,3,0,0.00,4,21,13,5,6,2,1,0,0,0,,0,0,0.009,0.15,0.01%,0.18,0.5
LAN202007250,"July 25, 2020",Dylan Floro,1,0,0,0,0,0,0,0.00,3,9,5,5,0,0,3,0,0,0,,0,0,0.020,0.26,0.01%,0.31,0.5
NYN202007250,"July 25, 2020",Max Fried,5,2,2,2,2,5,0,3.60,20,67,39,21,10,8,4,8,4,0,58,,,-0.011,1.05,-0.01%,1.26,0.6
NYN202007250,"July 25, 2020",Josh Tomlin,1,1,0,0,0,2,0,0.00,4,16,11,6,2,3,0,2,1,0,,0,0,0.020,0.67,0.01%,0.80,0.1
NYN202007250,"July 25, 2020",A.J. Minter,1,1,0,0,0,2,0,0.00,4,20,13,6,5,2,1,1,1,0,,1,0,0.074,1.42,0.05%,1.70,0.9
NYN202007250,"July 25, 2020",Darren O'Day,1,1,0,0,0,2,0,0.00,4,16,13,6,3,4,0,2,1,0,,0,0,0.032,0.53,0.02%,0.63,0.5
NYN202007250,"July 25, 2020",Luke Jackson,2,4,1,0,0,0,0,0.00,10,29,19,14,3,2,4,6,3,0,,0,0,0.240,3.52,0.17%,4.21,0.7
NYN202007250,"July 25, 2020",Steven Matz,6,2,1,1,1,7,1,1.50,20,93,58,31,14,13,5,7,3,0,70,,,0.229,0.84,0.16%,1.00,2.1
NYN202007250,"July 25, 2020",Jeurys Familia,1,0,0,0,0,0,0,0.00,3,9,7,5,0,2,2,1,0,0,,0,0,0.097,1.27,0.07%,1.50,0.5
NYN202007250,"July 25, 2020",Dellin Betances,0.2,1,0,0,0,1,0,0.00,3,16,9,5,2,2,1,1,1,0,,0,0,0.064,1.59,0.04%,1.89,0.3
NYN202007250,"July 25, 2020",Justin Wilson,0.1,1,0,0,0,1,0,0.00,2,6,5,4,1,0,0,1,1,0,,1,0,0.059,3.21,0.04%,3.80,0.2
NYN202007250,"July 25, 2020",Edwin Díaz,1,1,1,1,0,2,1,4.50,4,21,12,4,4,4,0,2,1,0,,0,0,-0.192,1.96,-0.14%,2.32,-0.5
NYN202007250,"July 25, 2020",Hunter Strickland,0.1,3,3,2,0,0,0,54.00,4,13,10,7,1,2,3,1,1,0,,0,0,-0.417,2.38,-0.30%,2.81,-2.5
NYN202007250,"July 25, 2020",Drew Smith,0.2,0,0,0,0,1,0,0.00,2,8,6,3,2,1,1,0,0,0,,1,0,0.015,0.28,0.01%,0.33,0.7
OAK202007250,"July 25, 2020",Dylan Bundy,6.2,3,1,1,0,7,0,1.35,24,90,64,30,11,23,1,15,8,0,71,,,0.316,0.78,0.22%,0.92,3.2
OAK202007250,"July 25, 2020",Keynan Middleton,0.1,1,0,0,1,0,0,0.00,3,16,10,7,1,2,1,1,1,0,,1,1,-0.017,1.14,-0.01%,1.33,-0.7
OAK202007250,"July 25, 2020",Ty Buttrey,1,2,0,0,0,0,0,10.80,4,15,8,6,1,1,3,1,1,0,,0,0,0.053,1.84,0.04%,2.15,0.5
OAK202007250,"July 25, 2020",Hansel Robles,1,0,0,0,0,1,0,7.71,3,18,12,6,5,1,1,1,0,0,,0,0,0.042,0.54,0.03%,0.64,0.5
OAK202007250,"July 25, 2020",Sean Manaea,4.2,5,4,4,0,3,1,7.71,19,55,40,20,3,17,8,8,4,0,41,,,-0.171,0.88,-0.12%,1.04,-1.8
OAK202007250,"July 25, 2020",J.B. Wendelken,0.1,0,0,0,0,0,0,0.00,1,3,2,1,0,1,0,1,0,0,,1,0,0.013,0.45,0.01%,0.53,0.3
OAK202007250,"July 25, 2020",Jesus Luzardo,3,1,0,0,1,2,0,0.00,10,44,28,17,5,6,4,3,2,0,,0,0,0.044,0.27,0.03%,0.31,1.5
OAK202007250,"July 25, 2020",Lou Trivino,1,0,0,0,0,1,0,0.00,3,10,7,5,0,2,0,2,0,0,,0,0,0.008,0.11,0.01%,0.13,0.5
PHI202007250,"July 25, 2020",Caleb Smith,3,1,1,1,6,3,1,3.00,15,70,36,16,13,7,1,5,1,0,50,,,0.043,1.22,0.03%,1.43,0.6
PHI202007250,"July 25, 2020",Nick Neidert,2.1,1,0,0,1,0,0,0.00,8,30,14,10,0,4,6,1,1,0,,0,0,0.153,1.04,0.11%,1.23,1.4
PHI202007250,"July 25, 2020",Alex Vesia,0.2,1,2,2,1,1,1,27.00,4,14,8,5,2,1,0,2,0,0,,0,0,-0.263,0.81,-0.19%,0.95,-1.7
PHI202007250,"July 25, 2020",Ryne Stanek,1,3,3,3,1,1,1,27.00,7,33,18,9,5,4,2,3,1,0,,0,0,-0.099,0.35,-0.07%,0.41,-2.5
PHI202007250,"July 25, 2020",Stephen Tarpley,1,1,1,1,0,0,1,9.00,4,18,11,6,0,5,1,3,0,0,,0,0,-0.003,0.01,-0.00%,0.01,-0.5
PHI202007250,"July 25, 2020",Zack Wheeler,7,5,1,1,2,4,0,1.29,24,87,57,32,12,13,9,9,5,0,65,,,0.315,1.22,0.22%,1.42,2.8
PHI202007250,"July 25, 2020",Tommy Hunter,1,1,0,0,1,1,0,0.00,5,22,13,6,2,5,3,0,0,0,,0,0,0.014,0.37,0.01%,0.43,0.5
PHI202007250,"July 25, 2020",Deolis Guerra,1,0,0,0,0,2,0,0.00,3,12,10,2,5,3,1,0,0,0,,0,0,0.003,0.04,0.00%,0.04,0.5
SDN202007250,"July 25, 2020",Robbie Ray,3.2,4,3,3,3,7,1,7.36,18,97,54,25,10,19,0,8,4,0,45,,,-0.205,1.05,-0.14%,1.23,-1.5
SDN202007250,"July 25, 2020",Stefan Crichton,1.1,1,0,0,1,2,0,0.00,6,33,20,9,1,10,2,1,0,0,,2,0,0.068,0.87,0.05%,1.02,1.0
SDN202007250,"July 25, 2020",Andrew Chafin,1,0,0,0,1,2,0,0.00,3,13,7,0,2,5,0,0,0,0,,0,0,0.030,0.56,0.02%,0.66,0.5
SDN202007250,"July 25, 2020",Hector Rondon,0.1,2,2,2,1,1,1,54.00,4,19,8,6,1,1,0,2,2,0,,0,0,-0.083,0.30,-0.06%,0.35,-2.0
SDN202007250,"July 25, 2020",Taylor Widener,1.2,0,0,0,1,1,0,0.00,5,22,10,6,1,3,1,2,1,0,,1,0,0.010,0.10,0.01%,0.12,1.0
SDN202007250,"July 25, 2020",Dinelson Lamet,5,5,1,1,1,8,0,1.80,21,80,59,32,10,17,5,7,5,0,60,,,0.063,1.03,0.04%,1.23,0.9
SDN202007250,"July 25, 2020",Matt Strahm,1.1,0,0,0,0,0,0,0.00,3,18,12,10,2,0,3,0,0,0,,1,0,0.181,1.58,0.13%,1.89,1.4
SDN202007250,"July 25, 2020",Craig Stammen,1.2,0,0,0,0,1,0,0.00,6,18,12,6,2,4,4,1,1,0,,0,0,0.061,0.54,0.04%,0.65,0.8
SDN202007250,"July 25, 2020",Kirby Yates,1,0,0,0,0,2,0,0.00,3,9,7,1,4,2,1,0,0,0,,0,0,0.015,0.19,0.01%,0.23,0.5
SLN202007250,"July 25, 2020",Trevor Williams,3.2,5,3,3,1,3,1,7.36,18,67,47,30,6,11,4,9,4,0,41,,,-0.179,1.25,-0.12%,1.45,-1.6
SLN202007250,"July 25, 2020",Chris Stratton,1.1,0,0,0,0,1,0,0.00,4,14,11,5,3,3,1,2,1,0,,2,0,0.074,0.67,0.05%,0.78,1.1
SLN202007250,"July 25, 2020",Nik Turley,1,0,0,0,0,0,0,0.00,3,13,10,6,1,3,1,2,0,0,,0,0,0.030,0.39,0.02%,0.45,0.5
SLN202007250,"July 25, 2020",Kyle Crick,0.2,2,4,0,1,2,0,0.00,6,21,15,8,2,5,2,1,1,0,,0,0,-0.082,0.68,-0.06%,0.80,-1.9
SLN202007250,"July 25, 2020",Robbie Erlin,1.1,3,2,2,0,1,0,13.50,8,20,13,10,1,2,1,5,1,0,,2,2,-0.024,0.04,-0.02%,0.05,-3.0
SLN202007250,"July 25, 2020",Adam Wainwright,6,3,1,1,1,5,0,1.50,23,83,53,30,7,16,8,8,4,0,66,,,0.240,1.31,0.17%,1.57,2.1
SLN202007250,"July 25, 2020",John Gant,1.2,0,0,0,1,1,0,0.00,6,20,15,7,3,5,3,1,0,0,,0,0,0.076,0.51,0.06%,0.61,0.8
SLN202007250,"July 25, 2020",Tyler Webb,1,0,0,0,0,1,0,0.00,3,12,9,7,1,1,1,1,1,0,,1,0,0.003,0.03,0.00%,0.04,0.6
SLN202007250,"July 25, 2020",Daniel Ponce de Leon,0.1,0,0,0,0,0,0,0.00,1,3,3,2,1,0,0,1,1,0,,0,0,0.000,0.00,0.00%,0.00,0.1
TBA202007250,"July 25, 2020",Matt Shoemaker,6,3,1,1,2,4,0,1.50,22,81,51,25,7,19,8,8,2,0,64,,,0.159,1.05,0.11%,1.23,2.0
TBA202007250,"July 25, 2020",A.J. Cole,1,0,0,0,0,0,0,0.00,3,10,5,4,0,1,1,2,1,0,,0,0,0.088,1.16,0.06%,1.36,0.5
TBA202007250,"July 25, 2020",Sam Gaviglio,0.1,2,3,3,2,1,0,81.00,5,21,9,2,1,6,0,2,2,0,,0,0,-0.367,1.61,-0.26%,1.90,-3.0
TBA202007250,"July 25, 2020",Brian Moran,0.2,0,0,0,0,1,0,0.00,2,10,6,2,2,2,1,0,0,0,,1,0,0.007,0.12,0.01%,0.14,0.5
TBA202007250,"July 25, 2020",Ryan Yarbrough,5.1,4,0,0,1,1,0,0.00,21,69,49,30,8,11,10,9,4,0,60,,,0.277,1.14,0.19%,1.31,2.5
TBA202007250,"July 25, 2020",Chaz Roe,0.2,1,0,0,0,1,0,0.00,3,10,7,6,0,1,1,1,1,0,,1,0,0.078,2.39,0.05%,2.75,0.5
TBA202007250,"July 25, 2020",Pete Fairbanks,0.2,2,1,1,1,2,1,13.50,5,21,12,5,3,4,0,2,2,0,,0,0,-0.183,1.28,-0.13%,1.47,-0.9
TBA202007250,"July 25, 2020",Nick Anderson,1.1,1,0,0,0,0,0,0.00,5,14,11,8,1,2,1,4,2,0,,2,0,0.182,2.08,0.13%,2.40,0.9
TBA202007250,"July 25, 2020",Oliver Drake,1,0,0,0,0,1,0,0.00,3,14,9,4,2,3,2,0,0,0,,0,0,0.033,0.43,0.02%,0.50,0.5
TEX202007250,"July 25, 2020",Jon Gray,4.2,3,1,1,3,3,0,1.93,19,79,46,26,6,14,3,10,5,0,54,,,0.104,0.99,0.07%,1.03,1.2
TEX202007250,"July 25, 2020",Daniel Bard,1.1,2,0,0,0,1,0,0.00,6,25,20,13,2,5,3,2,0,0,,2,0,0.155,1.96,0.10%,2.05,1.0
TEX202007250,"July 25, 2020",Carlos Estevez,1,1,0,0,2,1,0,0.00,6,23,12,7,1,4,0,3,2,0,,0,0,0.085,3.09,0.05%,3.23,0.5
TEX202007250,"July 25, 2020",Jairo Diaz,1,1,0,0,0,2,0,0.00,5,15,10,3,2,5,1,1,1,0,,0,0,0.093,3.44,0.06%,3.60,0.5
TEX202007250,"July 25, 2020",Wade Davis,1,1,1,1,1,1,0,9.00,5,28,15,8,1,6,1,2,0,0,,0,0,0.097,2.13,0.06%,2.23,-0.5
TEX202007250,"July 25, 2020",Mike Minor,5,3,2,1,1,6,0,1.80,21,98,69,46,8,15,7,7,0,0,60,,,0.012,0.92,0.01%,0.97,0.6
TEX202007250,"July 25, 2020",Luke Farrell,1.1,2,1,1,1,1,0,6.75,7,25,16,7,4,5,3,2,2,0,,0,0,-0.067,1.12,-0.04%,1.19,-0.5
TEX202007250,"July 25, 2020",Nick Goody,0.2,0,0,0,1,0,0,0.00,3,14,7,3,1,3,0,2,1,0,,1,0,0.038,0.88,0.02%,0.93,0.5
TEX202007250,"July 25, 2020",Ian Gibaut,1,0,0,0,0,2,0,0.00,3,13,10,3,2,5,0,1,1,0,,0,0,0.031,0.40,0.02%,0.42,0.5
TEX202007250,"July 25, 2020",Edinson Volquez,1,1,0,0,0,0,0,0.00,4,17,11,6,1,4,2,2,0,0,,0,0,0.019,0.35,0.01%,0.37,0.5
WAS202007250,"July 25, 2020",James Paxton,1,5,3,3,1,1,0,27.00,9,41,29,21,6,2,2,5,4,0,31,,,-0.247,1.14,-0.16%,1.22,-3.3
WAS202007250,"July 25, 2020",Michael King,3.1,4,4,4,0,2,1,10.80,13,37,27,15,4,8,4,7,2,0,,3,1,-0.100,0.67,-0.06%,0.71,-0.7
WAS202007250,"July 25, 2020",Jonathan Holder,1.1,2,0,0,0,1,0,0.00,7,17,13,9,1,3,2,4,1,0,,1,1,-0.015,0.17,-0.01%,0.18,-0.2
WAS202007250,"July 25, 2020",David Hale,0.1,0,0,0,0,0,0,0.00,1,6,4,3,0,1,0,1,0,0,,2,0,0.005,0.20,0.00%,0.21,0.5
WAS202007250,"July 25, 2020",Ben Heller,1,1,1,1,0,0,1,9.00,4,19,13,6,1,6,2,2,0,0,,0,0,-0.006,0.04,-0.00%,0.04,-0.5
WAS202007250,"July 25, 2020",Luis Avilan,1,1,1,1,0,2,1,9.00,4,18,12,6,4,2,0,2,2,0,,0,0,-0.001,0.01,-0.00%,0.01,-0.5
WAS202007250,"July 25, 2020",Erick Fedde,4,4,2,1,1,3,1,2.25,19,68,42,22,6,14,11,4,2,0,50,,,0.035,1.33,0.02%,1.38,0.2
WAS202007250,"July 25, 2020",Tanner Rainey,1,0,0,0,1,0,0,0.00,4,9,4,3,0,1,1,2,0,0,,0,0,0.050,0.67,0.03%,0.69,0.5
WAS202007250,"July 25, 2020",Ryne Harper,2,1,0,0,0,4,0,0.00,7,31,18,9,3,6,2,1,0,0,,0,0,0.042,0.35,0.03%,0.36,1.1
WAS202007250,"July 25, 2020",James Bourque,1,1,0,0,0,0,0,0.00,4,16,10,6,1,3,0,4,3,0,,0,0,0.007,0.19,0.00%,0.19,0.5
WAS202007250,"July 25, 2020",Kyle Finnegan,1,1,0,0,0,0,0,0.00,4,13,9,6,0,3,2,2,1,0,,0,0,0.001,0.04,0.00%,0.04,0.5
BOS202007260,"July 26, 2020",Wade LeBlanc,5.2,4,4,4,0,4,2,6.35,21,76,49,24,9,16,7,10,3,0,49,,,0.095,0.69,0.07%,0.83,0.8
BOS202007260,"July 26, 2020",Miguel Castro,0.2,1,0,0,0,0,0,0.00,3,11,7,5,0,2,2,1,0,0,,2,2,-0.037,1.50,-0.03%,1.82,-1.1
BOS202007260,"July 26, 2020",Tanner Scott,0.2,1,0,0,0,0,0,0.00,3,9,7,5,0,2,3,0,0,0,,0,0,-0.032,1.21,-0.02%,1.47,-0.1
BOS202007260,"July 26, 2020",Cole Sulser,2,1,0,0,0,2,0,0.00,7,28,20,11,7,2,5,0,0,0,,1,0,0.231,1.11,0.17%,1.35,1.5
BOS202007260,"July 26, 2020",Ryan Weber,3.2,6,6,6,3,0,2,14.73,20,65,42,28,3,11,4,13,7,0,22,,,-0.323,0.85,-0.23%,1.01,-3.8
BOS202007260,"July 26, 2020",Colten Brewer,1.1,1,0,0,1,2,0,0.00,6,29,20,11,4,5,1,2,2,0,,0,0,0.019,0.24,0.01%,0.29,0.7
BOS202007260,"July 26, 2020",Marcus Walden,2,1,0,0,2,1,0,0.00,8,33,17,8,6,3,3,2,2,0,,0,0,0.061,0.71,0.04%,0.85,1.1
BOS202007260,"July 26, 2020",Matt Barnes,1,0,0,0,2,1,0,0.00,5,24,13,6,4,3,1,1,0,0,,0,0,0.035,0.91,0.03%,1.08,0.6
BOS202007260,"July 26, 2020",Austin Brice,1,2,1,1,0,0,0,9.00,4,16,11,8,1,2,1,3,0,0,,0,0,-0.035,0.34,-0.03%,0.40,-0.4
CHA202007260,"July 26, 2020",Kenta Maeda,5,4,2,2,1,6,1,3.60,20,84,58,35,8,15,7,6,2,0,56,,,0.055,0.16,0.04%,0.19,0.7
CHA202007260,"July 26, 2020",Lewis Thorpe,2.2,1,0,0,2,0,0,0.00,10,42,25,15,2,8,2,6,1,0,,0,0,0.010,0.09,0.01%,0.10,1.4
CHA202007260,"July 26, 2020",Matt Wisler,1.1,1,0,0,2,4,0,0.00,7,39,23,9,8,6,0,1,1,0,,1,0,0.000,0.00,0.00%,0.00,0.8
CHA202007260,"July 26, 2020",Reynaldo Lopez,0.2,3,4,4,2,0,1,54.00,7,31,15,10,1,4,3,2,1,0,28,,,-0.310,1.08,-0.22%,1.29,-3.7
CHA202007260,"July 26, 2020",Gio Gonzalez,3.2,7,6,6,1,3,1,14.73,21,77,47,24,10,13,3,12,7,0,,1,0,-0.127,0.23,-0.09%,0.28,-4.6
CHA202007260,"July 26, 2020",Jimmy Cordero,0.2,0,0,0,0,0,0,18.00,2,8,7,3,1,3,1,1,1,0,,2,0,0.001,0.01,0.00%,0.01,0.9
CHA202007260,"July 26, 2020",Ross Detwiler,2,0,0,0,0,1,0,0.00,6,21,16,9,3,4,3,2,0,0,,0,0,0.003,0.02,0.00%,0.02,1.1
CHA202007260,"July 26, 2020",Kelvin Herrera,2,3,4,4,1,3,2,15.43,10,35,20,9,6,5,0,6,3,0,,0,0,-0.002,0.00,-0.00%,0.00,-2.9
CHN202007260,"July 26, 2020",Freddy Peralta,3,3,4,4,2,3,0,12.00,15,66,37,19,6,12,3,6,2,0,38,,,-0.114,0.85,-0.08%,1.02,-1.4
CHN202007260,"July 26, 2020",Corey Knebel,0.1,3,1,1,0,1,0,6.75,4,18,13,10,0,3,1,2,2,0,,2,2,-0.110,0.66,-0.08%,0.79,-2.4
CHN202007260,"July 26, 2020",Eric Lauer,2.2,1,0,0,1,6,0,0.00,10,46,30,11,10,9,0,3,0,0,,2,0,0.045,0.25,0.03%,0.30,2.1
CHN202007260,"July 26, 2020",Bobby Wahl,1,2,1,1,0,1,1,6.75,5,23,15,6,3,6,0,4,2,0,,0,0,-0.012,0.09,-0.01%,0.11,-0.5
CHN202007260,"July 26, 2020",Justin Grimm,1,2,3,3,1,1,2,27.00,6,24,12,5,1,6,0,4,1,0,,0,0,-0.005,0.01,-0.00%,0.01,-2.5
CHN202007260,"July 26, 2020",Tyler Chatwood,6,3,1,1,2,8,0,1.50,23,84,51,25,11,15,5,8,6,0,68,,,0.257,0.69,0.18%,0.81,2.3
CHN202007260,"July 26, 2020",Casey Sadler,0.1,0,0,0,2,0,0,0.00,3,15,5,2,0,3,1,0,0,0,,0,0,-0.031,0.87,-0.02%,1.03,-0.4
CHN202007260,"July 26, 2020",Kyle Ryan,1.2,0,0,0,0,0,0,0.00,4,10,7,5,0,2,4,0,0,0,,2,0,0.078,0.52,0.06%,0.62,1.5
CHN202007260,"July 26, 2020",Jeremy Jeffress,1,0,0,0,1,0,0,0.00,5,16,7,4,0,3,0,3,0,0,,0,0,0.001,0.01,0.00%,0.02,0.5
CIN202007260,"July 26, 2020",Spencer Turnbull,5,3,1,1,4,8,0,1.80,22,87,49,19,15,15,3,7,1,0,61,,,0.175,1.26,0.11%,1.39,2.0
CIN202007260,"July 26, 2020",Gregory Soto,2,0,0,0,0,4,0,0.00,7,23,18,4,6,8,0,2,0,0,,0,0,0.177,1.41,0.12%,1.54,1.2
CIN202007260,"July 26, 2020",Jose Cisnero,1,1,0,0,0,1,0,4.50,4,15,13,7,2,4,1,2,2,0,,0,0,0.118,1.89,0.08%,2.07,0.6
CIN202007260,"July 26, 2020",Joe Jimenez,1,2,1,1,0,0,0,4.50,5,11,9,4,0,5,1,3,1,0,,0,0,0.112,4.48,0.07%,4.91,-0.4
CIN202007260,"July 26, 2020",Trevor Bauer,6.1,2,1,1,1,13,1,1.42,22,105,66,30,21,15,4,4,1,0,77,,,0.298,0.94,0.19%,1.03,2.9
CIN202007260,"July 26, 2020",Amir Garrett,0.2,0,0,0,1,1,0,0.00,3,11,6,1,2,3,1,0,0,0,,0,0,0.054,1.16,0.03%,1.27,0.3
CIN202007260,"July 26, 2020",Pedro Strop,1,0,0,0,1,2,0,0.00,4,19,11,4,4,3,0,1,0,0,,0,0,0.118,1.79,0.08%,1.95,0.6
CIN202007260,"July 26, 2020",Michael Lorenzen,1,1,2,2,1,0,1,16.20,5,22,14,10,2,2,2,2,1,0,,0,0,-0.388,1.35,-0.25%,1.46,-1.4
CLE202007260,"July 26, 2020",Ronald Bolanos,2,3,2,0,1,1,0,0.00,9,32,21,15,2,4,4,2,2,0,46,,,-0.107,1.04,-0.08%,1.23,-0.9
CLE202007260,"July 26, 2020",Jorge Lopez,0.2,3,2,2,0,0,0,27.00,5,20,12,9,0,3,2,3,3,0,,0,0,-0.119,0.58,-0.08%,0.69,-1.7
CLE202007260,"July 26, 2020",Gabe Speier,0.2,3,2,2,0,1,0,27.00,5,18,12,6,0,6,3,1,1,0,,1,0,-0.008,0.45,-0.01%,0.53,-0.2
CLE202007260,"July 26, 2020",Kevin McCarthy,0.2,1,1,1,0,0,1,13.50,3,9,8,4,1,3,2,1,1,0,,2,2,-0.086,0.35,-0.06%,0.41,-2.0
CLE202007260,"July 26, 2020",Josh Staumont,1,0,0,0,1,1,0,0.00,4,18,9,2,3,4,0,2,0,0,,0,0,0.009,0.15,0.01%,0.18,0.5
CLE202007260,"July 26, 2020",Richard Lovelady,1,1,1,1,1,0,1,9.00,4,13,6,4,0,2,1,2,0,0,,0,0,-0.010,0.15,-0.01%,0.17,-0.5
CLE202007260,"July 26, 2020",Glenn Sparkman,1,1,1,1,1,0,0,9.00,5,16,8,7,1,0,0,4,1,0,,0,0,-0.003,0.03,-0.00%,0.04,-0.5
CLE202007260,"July 26, 2020",Kyle Zimmer,1,1,0,0,0,3,0,0.00,4,21,14,7,3,4,1,0,0,0,,0,0,0.000,0.01,0.00%,0.01,0.5
CLE202007260,"July 26, 2020",Carlos Carrasco,6,5,2,2,1,10,0,3.00,24,87,62,32,16,14,3,10,8,0,63,,,0.147,0.56,0.11%,0.68,0.6
CLE202007260,"July 26, 2020",Oliver Perez,1,0,0,0,0,2,0,0.00,3,15,9,4,2,3,1,0,0,0,,1,0,0.024,0.29,0.02%,0.35,1.2
CLE202007260,"July 26, 2020",Dominic Leone,1,1,0,0,1,2,0,0.00,5,16,9,3,4,2,0,2,1,0,,0,0,0.004,0.10,0.00%,0.12,0.5
CLE202007260,"July 26, 2020",Cam Hill,1,0,0,0,0,1,0,0.00,3,10,7,3,2,2,1,1,0,0,,0,0,0.001,0.01,0.00%,0.02,0.5
HOU202007260,"July 26, 2020",Yusei Kikuchi,3.2,5,5,5,4,4,0,12.27,18,70,40,19,6,15,5,5,4,0,31,,,-0.381,1.69,-0.27%,1.96,-3.4
HOU202007260,"July 26, 2020",Zac Grotz,0.1,0,0,0,0,0,0,18.00,2,6,4,1,2,1,0,1,0,0,,2,0,0.049,2.17,0.03%,2.51,0.5
HOU202007260,"July 26, 2020",Matt Magill,1,1,0,0,1,2,0,0.00,5,18,10,4,2,4,1,1,1,0,,0,0,0.051,0.88,0.03%,1.02,0.5
HOU202007260,"July 26, 2020",Carl Edwards Jr.,1,1,0,0,0,2,0,4.50,4,11,8,3,3,2,0,2,1,0,,0,0,0.051,1.13,0.03%,1.31,0.5
HOU202007260,"July 26, 2020",Dan Altavilla,1,0,0,0,0,0,0,0.00,3,8,5,3,1,1,1,2,0,0,,0,0,0.047,0.61,0.03%,0.71,0.5
HOU202007260,"July 26, 2020",Anthony Misiewicz,1,0,0,0,0,1,0,4.50,3,7,6,3,1,2,1,1,1,0,,0,0,0.096,1.23,0.07%,1.42,0.5
HOU202007260,"July 26, 2020",Taylor Williams,1,2,1,1,0,3,0,4.50,5,30,17,7,4,6,0,2,2,0,,0,0,0.100,2.96,0.07%,3.43,-0.5
HOU202007260,"July 26, 2020",Zack Greinke,3.1,4,3,3,2,2,0,8.10,16,58,34,15,7,12,6,6,1,0,40,,,-0.061,0.81,-0.04%,0.97,-0.5
HOU202007260,"July 26, 2020",Joe Biagini,0.2,2,1,1,0,1,0,13.50,4,16,9,5,1,3,1,2,2,0,,1,1,-0.138,0.99,-0.10%,1.18,-1.3
HOU202007260,"July 26, 2020",Bryan Abreu,1.2,0,0,0,2,1,0,0.00,9,31,13,7,1,5,2,2,1,0,,0,0,0.116,2.02,0.08%,2.41,0.8
HOU202007260,"July 26, 2020",Blake Taylor,1.1,0,0,0,0,2,0,0.00,4,14,11,5,0,6,0,2,2,0,,1,0,0.137,1.28,0.10%,1.54,0.8
HOU202007260,"July 26, 2020",Chris Devenski,1,3,3,3,1,1,0,13.50,7,32,20,11,4,5,3,2,1,0,,0,0,-0.562,3.14,-0.40%,3.76,-2.5
HOU202007260,"July 26, 2020",Brandon Bailey,1,2,0,0,0,0,0,0.00,4,13,7,5,2,0,2,2,2,0,,0,0,0.020,0.26,0.01%,0.30,0.5
LAN202007260,"July 26, 2020",Drew Smyly,3.1,4,1,1,1,2,0,2.08,15,64,40,22,5,13,5,7,4,0,49,,,0.072,1.01,0.05%,1.24,0.9
LAN202007260,"July 26, 2020",Shaun Anderson,1,0,0,0,1,2,0,0.00,4,17,8,1,4,3,0,1,0,0,,0,0,0.032,0.84,0.02%,1.03,0.3
LAN202007260,"July 26, 2020",Wandy Peralta,1,0,0,0,0,1,0,0.00,3,8,6,3,0,3,2,0,0,0,,1,0,0.111,1.57,0.08%,1.93,0.8
LAN202007260,"July 26, 2020",Rico Garcia,0.2,0,0,0,1,1,0,0.00,3,14,6,3,3,0,0,1,0,0,,0,0,0.050,1.57,0.04%,1.92,0.3
LAN202007260,"July 26, 2020",Sam Coonrod,1,0,0,0,0,1,0,10.80,3,11,8,3,1,4,0,2,1,0,,0,0,0.087,1.11,0.06%,1.36,0.5
LAN202007260,"July 26, 2020",Tyler Rogers,1,2,0,0,0,0,0,18.00,6,15,11,6,1,4,5,0,0,0,,0,0,0.096,3.31,0.07%,4.04,0.5
LAN202007260,"July 26, 2020",Trevor Gott,1,1,0,0,0,1,0,4.50,4,12,7,3,1,3,0,3,2,0,,0,0,0.100,2.42,0.07%,2.96,0.5
LAN202007260,"July 26, 2020",Julio Urias,5,5,1,1,3,3,0,1.80,22,78,51,28,10,13,7,9,6,0,53,,,0.175,1.36,0.12%,1.63,1.7
LAN202007260,"July 26, 2020",Brusdar Graterol,0.1,2,1,1,0,0,0,6.75,3,8,6,4,1,1,2,1,0,0,,0,0,-0.053,1.73,-0.04%,2.07,-0.4
LAN202007260,"July 26, 2020",Adam Kolarek,0.2,1,0,0,0,0,0,0.00,3,9,5,3,2,0,0,3,2,0,,2,1,-0.042,2.39,-0.03%,2.86,-0.0
LAN202007260,"July 26, 2020",Pedro Baez,1,1,1,1,1,0,0,3.86,5,25,15,11,3,1,1,3,1,0,,0,0,-0.084,1.03,-0.06%,1.23,-0.5
LAN202007260,"July 26, 2020",Scott Alexander,1,0,0,0,1,0,0,0.00,3,18,12,10,1,1,1,1,1,0,,0,0,0.032,0.68,0.02%,0.82,0.5
LAN202007260,"July 26, 2020",Kenley Jansen,1,0,0,0,0,1,0,0.00,3,10,7,4,1,2,0,2,2,0,,0,0,0.020,0.26,0.01%,0.31,0.5
NYN202007260,"July 26, 2020",Sean Newcomb,3.1,3,1,1,2,1,0,2.70,17,82,42,23,7,12,9,3,2,0,49,,,0.024,0.78,0.02%,0.95,0.4
NYN202007260,"July 26, 2020",Jhoulys Chacin,3.2,1,0,0,1,1,0,0.00,13,54,35,23,0,12,0,11,6,0,,1,0,0.017,0.09,0.01%,0.11,2.3
NYN202007260,"July 26, 2020",Tyler Matzek,1,1,0,0,0,2,0,0.00,4,15,11,6,1,4,2,0,0,0,,0,0,0.000,0.00,0.00%,0.00,0.5
NYN202007260,"July 26, 2020",Grant Dayton,1,1,0,0,0,2,0,0.00,4,17,13,5,5,3,0,2,1,0,,0,0,0.000,0.00,0.00%,0.00,0.5
NYN202007260,"July 26, 2020",Rick Porcello,2,7,7,6,3,1,0,27.00,15,56,30,19,3,8,4,7,4,0,14,,,-0.412,1.19,-0.29%,1.39,-5.5
NYN202007260,"July 26, 2020",Corey Oswalt,4,7,5,5,1,3,3,11.25,20,73,49,27,12,10,3,13,6,0,,2,2,-0.048,0.17,-0.03%,0.20,-3.4
NYN202007260,"July 26, 2020",Paul Sewald,2,2,2,2,1,1,1,9.00,9,37,20,12,2,6,2,5,0,0,,0,0,0.000,0.00,0.00%,0.00,-1.0
NYN202007260,"July 26, 2020",Hunter Strickland,1,1,0,0,0,1,0,13.50,4,13,8,4,3,1,2,1,1,0,,0,0,0.000,0.00,0.00%,0.00,0.5
OAK202007260,"July 26, 2020",Shohei Ohtani,0,3,5,5,3,0,0,inf,6,30,15,10,0,5,2,1,1,0,21,,,-0.365,1.45,-0.26%,1.74,-5.3
OAK202007260,"July 26, 2020",Matt Andriese,5.2,3,0,0,1,5,0,0.00,19,69,46,25,7,14,5,8,2,0,,2,1,0.189,0.51,0.14%,0.62,3.3
OAK202007260,"July 26, 2020",Noe Ramirez,1.1,1,1,1,0,0,1,5.40,5,15,9,6,1,2,1,4,0,0,,0,0,-0.088,0.33,-0.06%,0.40,-0.4
OAK202007260,"July 26, 2020",Cam Bedrosian,1,0,0,0,1,0,0,0.00,3,17,9,4,2,3,0,2,1,0,,0,0,0.015,0.20,0.01%,0.23,0.5
OAK202007260,"July 26, 2020",Mike Fiers,4,7,4,4,0,0,1,9.00,19,64,43,27,0,16,6,13,6,0,32,,,-0.173,0.99,-0.12%,1.20,-2.3
OAK202007260,"July 26, 2020",Yusmeiro Petit,1,0,0,0,0,1,0,0.00,3,13,8,2,3,3,0,2,0,0,,2,1,0.120,1.72,0.09%,2.07,0.9
OAK202007260,"July 26, 2020",T.J. McFarland,1,0,0,0,0,0,0,0.00,3,11,6,4,0,2,3,0,0,0,,0,0,0.081,1.05,0.06%,1.27,0.5
OAK202007260,"July 26, 2020",Joakim Soria,1,1,0,0,0,1,0,0.00,4,16,13,7,2,4,0,3,0,0,,0,0,0.071,0.99,0.05%,1.19,0.5
OAK202007260,"July 26, 2020",Jake Diekman,0.2,1,0,0,0,1,0,0.00,3,11,10,4,2,4,2,0,0,0,,0,0,0.040,0.99,0.03%,1.18,0.3
OAK202007260,"July 26, 2020",Liam Hendriks,1.1,0,0,0,0,1,0,3.86,4,16,10,6,2,2,2,1,0,0,,1,0,0.111,1.04,0.08%,1.25,0.7
PHI202007260,"July 26, 2020",Robert Dugger,3.1,6,5,4,1,2,1,10.80,17,62,39,20,6,13,4,10,6,0,31,,,-0.293,0.80,-0.21%,0.94,-3.4
PHI202007260,"July 26, 2020",Stephen Tarpley,0.2,0,0,0,0,1,0,5.40,2,9,6,3,2,1,1,0,0,0,,1,0,0.070,1.32,0.05%,1.55,0.6
PHI202007260,"July 26, 2020",Jordan Holloway,0.1,2,0,0,1,0,0,0.00,4,16,9,5,0,4,2,1,1,0,,0,0,-0.101,1.28,-0.07%,1.50,-1.1
PHI202007260,"July 26, 2020",Jeff Brigham,1,2,1,1,0,0,0,9.00,5,22,13,10,0,3,0,5,1,0,,3,0,0.089,1.41,0.06%,1.66,0.5
PHI202007260,"July 26, 2020",Yimi Garcia,1.2,1,0,0,2,1,0,0.00,8,37,23,13,2,8,2,3,2,0,,1,0,0.077,1.29,0.05%,1.51,1.3
PHI202007260,"July 26, 2020",Brad Boxberger,1,1,0,0,2,1,0,0.00,6,19,10,7,0,3,0,3,1,0,,0,0,0.017,0.83,0.01%,0.98,0.5
PHI202007260,"July 26, 2020",Brandon Kintzler,1,0,0,0,1,0,0,0.00,5,14,8,5,0,3,2,2,1,0,,0,0,0.009,0.12,0.01%,0.14,0.5
PHI202007260,"July 26, 2020",Vince Velasquez,3,3,4,4,2,4,2,12.00,14,60,36,21,6,9,2,5,3,0,39,,,-0.173,0.90,-0.12%,1.07,-2.4
PHI202007260,"July 26, 2020",Cole Irvin,1,5,4,4,0,1,0,36.00,8,23,16,9,2,5,3,4,4,0,,0,0,-0.275,1.25,-0.20%,1.50,-2.5
PHI202007260,"July 26, 2020",Reggie McClain,1,2,1,1,1,0,1,4.50,6,13,9,6,1,2,1,4,1,0,,2,2,-0.144,0.76,-0.10%,0.91,-1.4
PHI202007260,"July 26, 2020",Nick Pivetta,3.1,2,2,2,1,2,1,5.40,14,43,27,15,3,9,1,9,4,0,,0,0,-0.041,0.16,-0.03%,0.19,-0.1
PHI202007260,"July 26, 2020",Hector Neris,0.2,0,0,0,0,1,0,0.00,2,8,6,1,3,2,1,0,0,0,,0,0,0.001,0.03,0.00%,0.03,0.3
SDN202007260,"July 26, 2020",Zac Gallen,4,2,1,1,5,6,1,2.25,19,88,46,16,10,20,4,4,3,0,55,,,0.078,1.13,0.05%,1.31,1.0
SDN202007260,"July 26, 2020",Alex Young,2,0,0,0,1,2,0,0.00,8,29,20,9,3,8,3,2,1,0,,0,0,0.068,0.76,0.05%,0.88,0.6
SDN202007260,"July 26, 2020",Kevin Ginkel,1,1,0,0,1,1,0,21.60,4,13,9,5,2,2,0,2,1,0,,1,0,0.072,1.14,0.05%,1.33,0.9
SDN202007260,"July 26, 2020",Andrew Chafin,0.1,0,1,1,2,0,0,6.75,3,14,5,2,1,2,0,1,0,0,,0,0,-0.185,3.66,-0.13%,4.23,-0.7
SDN202007260,"July 26, 2020",Archie Bradley,1.2,3,1,1,0,2,0,5.40,8,26,18,10,1,7,1,5,4,0,,2,1,0.085,3.16,0.06%,3.66,-0.3
SDN202007260,"July 26, 2020",Garrett Richards,5,1,0,0,3,6,0,0.00,18,73,44,20,11,13,5,4,2,0,68,,,0.288,0.94,0.21%,1.13,2.5
SDN202007260,"July 26, 2020",Javy Guerra,0.2,2,0,0,0,1,0,5.40,4,17,11,7,2,2,0,3,2,0,,0,0,0.000,1.77,0.00%,2.12,0.0
SDN202007260,"July 26, 2020",Tim Hill,0.1,0,0,0,0,1,0,0.00,1,6,3,2,1,0,0,0,0,0,,2,0,0.081,2.91,0.06%,3.47,0.5
SDN202007260,"July 26, 2020",Drew Pomeranz,1,0,0,0,1,1,0,0.00,4,23,13,7,1,5,1,1,0,0,,0,0,0.096,2.14,0.07%,2.56,0.5
SDN202007260,"July 26, 2020",Emilio Pagan,1,2,2,2,1,0,0,13.50,5,20,14,12,1,1,3,1,1,0,,0,0,-0.439,2.52,-0.31%,3.01,-1.5
SDN202007260,"July 26, 2020",Kirby Yates,0.2,2,2,2,2,1,0,10.80,6,28,16,8,3,5,1,2,1,0,,0,0,-0.427,3.17,-0.31%,3.78,-2.1
SDN202007260,"July 26, 2020",Pierce Johnson,0.1,0,0,0,0,1,0,0.00,1,3,3,1,2,0,0,0,0,0,,2,0,0.020,0.67,0.01%,0.80,0.6
SLN202007260,"July 26, 2020",Mitch Keller,5,2,1,1,3,2,0,1.80,18,87,47,30,5,12,6,7,1,0,58,,,0.149,0.95,0.10%,1.10,1.6
SLN202007260,"July 26, 2020",JT Brubaker,2,3,0,0,0,4,0,0.00,8,28,19,7,8,4,0,4,3,0,,0,0,0.113,1.39,0.08%,1.60,1.0
SLN202007260,"July 26, 2020",Michael Feliz,1,0,0,0,0,1,0,0.00,3,18,12,6,2,4,0,2,1,0,,0,0,0.029,0.38,0.02%,0.44,0.5
SLN202007260,"July 26, 2020",Nick Burdi,1,0,0,0,0,3,0,0.00,3,11,9,2,5,2,0,0,0,0,,0,0,0.019,0.25,0.01%,0.28,0.5
SLN202007260,"July 26, 2020",Dakota Hudson,4.1,7,4,4,1,4,2,8.31,19,61,42,27,7,8,7,7,3,0,36,,,-0.210,0.82,-0.15%,0.98,-1.6
SLN202007260,"July 26, 2020",Austin Gomber,1.2,0,0,0,1,0,0,0.00,6,24,13,8,0,5,2,3,1,0,,2,1,0.021,0.89,0.01%,1.06,0.7
SLN202007260,"July 26, 2020",Kodi Whitley,1,0,0,0,0,1,0,0.00,3,13,7,3,1,3,1,1,1,0,,0,0,0.022,0.28,0.01%,0.33,0.5
SLN202007260,"July 26, 2020",Andrew Miller,1,1,1,1,1,1,0,9.00,5,13,8,5,2,1,1,2,1,0,,0,0,-0.027,0.27,-0.02%,0.32,-0.5
SLN202007260,"July 26, 2020",Junior Fernandez,1,0,0,0,0,1,0,0.00,3,12,7,2,3,2,1,1,0,0,,0,0,0.004,0.05,0.00%,0.06,0.5
TBA202007260,"July 26, 2020",Thomas Hatch,2.1,0,0,0,2,3,0,0.00,9,47,26,11,6,9,2,2,0,0,58,,,0.124,0.81,0.09%,0.97,1.2
TBA202007260,"July 26, 2020",Anthony Kay,2.2,3,1,1,0,2,1,3.38,11,43,27,16,4,7,4,5,5,0,,0,0,0.024,0.84,0.02%,1.01,-0.4
TBA202007260,"July 26, 2020",Jordan Romano,1,0,0,0,0,1,0,0.00,3,9,9,3,3,3,1,1,1,0,,1,0,0.123,1.41,0.09%,1.68,1.1
TBA202007260,"July 26, 2020",Rafael Dolis,1,2,1,1,0,0,0,4.50,5,19,11,7,0,4,4,1,0,0,,0,0,-0.010,1.72,-0.01%,2.05,-0.5
TBA202007260,"July 26, 2020",Anthony Bass,1,0,0,0,0,1,0,0.00,3,15,9,4,1,4,0,2,0,0,,0,0,0.088,1.16,0.06%,1.39,0.5
TBA202007260,"July 26, 2020",Ken Giles,0.2,1,2,2,3,1,0,10.80,6,23,10,2,4,4,1,1,0,0,,0,0,-0.181,2.61,-0.13%,3.11,-1.3
TBA202007260,"July 26, 2020",Brian Moran,0.1,1,0,0,0,0,0,0.00,2,6,4,3,1,0,1,1,1,0,,3,1,-0.228,8.61,-0.16%,10.28,-0.2
TBA202007260,"July 26, 2020",Shun Yamaguchi,0,1,2,1,1,0,0,inf,2,11,6,4,1,1,0,1,1,0,,0,0,-0.557,5.23,-0.40%,6.24,-2.0
TBA202007260,"July 26, 2020",Blake Snell,2,3,0,0,2,5,0,0.00,11,46,26,12,8,6,1,3,2,0,53,,,0.099,1.21,0.07%,1.44,1.0
TBA202007260,"July 26, 2020",Trevor Richards,3,6,4,4,0,2,0,12.00,15,40,31,21,3,7,6,7,3,0,,0,0,-0.165,0.98,-0.12%,1.17,-1.5
TBA202007260,"July 26, 2020",Andrew Kittredge,2,3,0,0,2,1,0,0.00,10,40,26,14,3,9,6,1,1,0,,2,2,-0.040,0.65,-0.03%,0.77,-0.0
TBA202007260,"July 26, 2020",Aaron Loup,1,1,0,0,0,1,0,0.00,4,21,14,10,2,2,2,1,1,0,,0,0,0.028,0.56,0.02%,0.67,0.5
TBA202007260,"July 26, 2020",Jose Alvarado,1,0,0,0,0,2,0,0.00,3,17,10,4,2,4,0,1,0,0,,0,0,0.017,0.23,0.01%,0.27,0.5
TBA202007260,"July 26, 2020",Chaz Roe,1,0,1,0,0,0,0,0.00,3,11,7,4,0,3,0,3,0,0,,0,0,-0.057,3.50,-0.04%,4.17,0.1
TEX202007260,"July 26, 2020",Kyle Freeland,6,4,2,2,3,5,1,3.00,23,80,51,22,9,20,8,7,2,0,58,,,0.151,0.93,0.10%,1.01,1.2
TEX202007260,"July 26, 2020",Yency Almonte,2,1,0,0,0,3,0,0.00,7,28,20,8,5,7,3,1,0,0,,0,0,0.178,1.20,0.11%,1.30,1.1
TEX202007260,"July 26, 2020",Wade Davis,1,0,0,0,0,0,0,4.50,3,14,10,5,2,3,2,1,0,0,,0,0,0.044,0.56,0.03%,0.61,0.5
TEX202007260,"July 26, 2020",Corey Kluber,1,0,0,0,1,1,0,0.00,3,18,11,7,1,3,0,1,0,0,53,,,0.049,0.76,0.03%,0.82,0.5
TEX202007260,"July 26, 2020",Joe Palumbo,2,3,3,3,1,4,1,13.50,11,44,29,10,7,12,2,4,2,0,,0,0,-0.307,1.09,-0.20%,1.17,-2.8
TEX202007260,"July 26, 2020",Jesse Chavez,2,0,0,0,1,0,0,0.00,5,24,15,10,0,5,1,3,1,0,,3,1,0.176,1.44,0.11%,1.55,1.9
TEX202007260,"July 26, 2020",Nick Goody,0.2,2,1,1,0,1,1,6.75,4,12,7,3,0,4,1,2,0,0,,0,0,-0.098,0.63,-0.06%,0.68,-0.7
TEX202007260,"July 26, 2020",Ian Gibaut,1.1,0,0,0,0,1,0,0.00,4,14,9,6,2,1,2,1,0,0,,1,0,0.056,0.53,0.04%,0.56,0.8
TEX202007260,"July 26, 2020",Jonathan Hernandez,1,0,0,0,1,0,0,0.00,4,23,13,9,0,4,0,3,1,0,,0,0,0.031,0.53,0.02%,0.56,0.5
TEX202007260,"July 26, 2020",Jose Leclerc,1,2,1,1,1,1,0,4.50,6,24,10,7,2,1,0,4,3,0,,0,0,-0.033,0.42,-0.02%,0.45,-0.5
WAS202007260,"July 26, 2020",Jonathan Loaisiga,3,2,1,1,1,3,1,3.00,11,51,32,17,4,11,3,4,1,0,53,,,0.040,0.74,0.03%,0.81,0.6
WAS202007260,"July 26, 2020",David Hale,1,2,1,1,0,0,0,6.75,4,19,12,8,0,4,3,1,1,0,,0,0,-0.062,1.02,-0.04%,1.11,-0.5
WAS202007260,"July 26, 2020",Adam Ottavino,1,1,0,0,0,0,0,0.00,4,16,9,4,1,4,3,0,0,0,,0,0,0.015,0.59,0.01%,0.65,0.1
WAS202007260,"July 26, 2020",Chad Green,2,0,0,0,1,2,0,0.00,7,23,16,7,4,5,2,2,0,0,,1,0,0.144,1.00,0.09%,1.09,1.5
WAS202007260,"July 26, 2020",Tommy Kahnle,1,1,0,0,1,3,0,0.00,6,20,15,3,6,6,2,0,0,0,,0,0,0.148,4.22,0.10%,4.61,0.5
WAS202007260,"July 26, 2020",Zack Britton,1,1,0,0,1,0,0,0.00,4,14,6,5,1,0,2,1,0,0,,0,0,0.214,4.34,0.14%,4.74,0.5
WAS202007260,"July 26, 2020",Patrick Corbin,6.1,2,1,1,0,8,1,1.42,21,75,49,28,10,11,8,5,2,0,73,,,0.277,0.81,0.18%,0.87,2.5
WAS202007260,"July 26, 2020",Will Harris,0.2,1,1,1,1,1,1,13.50,4,18,7,3,3,1,1,1,1,0,,0,0,-0.140,1.09,-0.09%,1.17,-0.7
WAS202007260,"July 26, 2020",Sean Doolittle,0.2,2,1,1,1,1,0,13.50,5,20,12,7,1,4,0,3,3,0,,0,0,-0.228,2.87,-0.15%,3.08,-0.9
WAS202007260,"July 26, 2020",Tanner Rainey,0.1,0,0,0,1,1,0,0.00,2,3,3,2,1,0,0,0,0,0,,2,0,0.047,2.26,0.03%,2.42,0.5
WAS202007260,"July 26, 2020",Daniel Hudson,1,0,0,0,0,1,0,0.00,3,12,7,4,2,1,0,2,1,0,,0,0,0.043,0.55,0.03%,0.59,0.5
BOS202007270,"July 27, 2020",Michael Wacha,5,5,1,1,1,4,1,1.80,20,77,48,27,9,12,9,6,2,0,56,,,0.172,0.86,0.11%,0.92,1.9
BOS202007270,"July 27, 2020",Chasen Shreve,2,1,1,1,0,0,1,4.50,7,17,13,8,1,4,4,3,2,0,,0,0,0.027,0.31,0.02%,0.32,0.1
BOS202007270,"July 27, 2020",Jeurys Familia,0.2,2,2,2,1,0,0,10.80,5,20,11,7,3,1,3,1,0,0,,0,0,-0.038,0.51,-0.02%,0.54,-1.7
BOS202007270,"July 27, 2020",Seth Lugo,1.1,0,0,0,0,1,0,0.00,4,22,15,12,1,2,3,0,0,0,,1,0,0.075,0.67,0.05%,0.71,0.8
BOS202007270,"July 27, 2020",Josh Osich,2,2,2,2,1,1,1,6.00,8,28,17,13,1,3,3,3,1,0,44,,,-0.093,0.91,-0.06%,0.97,-0.9
BOS202007270,"July 27, 2020",Jeffrey Springs,1.1,4,5,5,1,2,2,33.75,10,34,24,12,5,7,2,5,4,0,,0,0,-0.216,0.53,-0.14%,0.56,-4.2
BOS202007270,"July 27, 2020",Heath Hembree,0.2,0,0,0,0,1,0,0.00,2,5,5,3,1,1,1,0,0,0,,0,0,0.004,0.08,0.00%,0.09,0.3
BOS202007270,"July 27, 2020",Zack Godley,4,4,0,0,0,7,0,0.00,16,53,36,16,15,5,5,4,2,0,,0,0,0.031,0.12,0.02%,0.13,2.3
BOS202007270,"July 27, 2020",Phillips Valdez,1,1,0,0,0,1,0,0.00,4,11,8,3,2,3,1,2,1,0,,0,0,0.011,0.14,0.01%,0.15,0.6
CIN202007270,"July 27, 2020",Jon Lester,5,0,0,0,1,1,0,0.00,19,76,50,32,1,17,4,12,2,0,67,,,0.150,0.43,0.11%,0.52,3.0
CIN202007270,"July 27, 2020",Dan Winkler,0.1,0,1,1,2,1,0,27.00,3,15,5,1,2,2,0,0,0,0,,0,0,-0.011,0.48,-0.01%,0.58,-0.4
CIN202007270,"July 27, 2020",Rowan Wick,0.2,1,0,0,0,0,0,0.00,3,9,7,4,1,2,2,1,0,0,,2,1,0.013,0.69,0.01%,0.83,0.0
CIN202007270,"July 27, 2020",Duane Underwood Jr.,0.2,2,2,2,1,1,1,16.20,5,21,11,6,1,4,2,1,1,0,,0,0,-0.009,0.15,-0.01%,0.18,-0.9
CIN202007270,"July 27, 2020",Ryan Tepera,1,2,1,1,0,3,0,9.00,6,25,14,3,6,5,0,2,2,0,,2,1,0.015,0.60,0.01%,0.72,-0.2
CIN202007270,"July 27, 2020",James Norwood,0.1,1,1,1,1,0,0,20.25,3,13,6,4,0,2,1,1,0,0,,1,1,-0.026,0.56,-0.02%,0.68,-1.7
CIN202007270,"July 27, 2020",Craig Kimbrel,0.1,0,2,2,4,0,0,54.00,6,34,13,2,1,10,1,0,0,0,,0,0,-0.503,3.11,-0.36%,3.72,-3.1
CIN202007270,"July 27, 2020",Jeremy Jeffress,0.2,0,0,0,0,1,0,0.00,2,12,6,3,2,1,0,1,1,0,,3,0,0.556,9.69,0.40%,11.60,1.7
CIN202007270,"July 27, 2020",Wade Miley,1.2,4,6,5,2,3,0,27.00,13,57,32,14,7,11,2,4,3,0,26,,,-0.364,0.96,-0.26%,1.14,-5.2
CIN202007270,"July 27, 2020",Tejay Antone,4.1,1,1,1,1,5,1,2.08,17,69,42,15,4,23,5,5,1,0,,1,0,0.038,0.20,0.03%,0.23,1.8
CIN202007270,"July 27, 2020",Brooks Raley,2,3,1,1,0,4,0,3.00,11,36,24,13,6,5,2,3,2,0,,0,0,-0.001,0.10,-0.00%,0.11,0.2
CIN202007270,"July 27, 2020",Lucas Sims,1,0,0,0,0,1,0,0.00,3,11,8,3,2,3,1,1,0,0,,0,0,0.012,0.15,0.01%,0.18,0.6
DET202007270,"July 27, 2020",Mike Montgomery,2,5,5,3,0,1,1,13.50,12,46,27,18,2,7,6,5,5,0,31,,,-0.360,0.96,-0.26%,1.14,-3.9
DET202007270,"July 27, 2020",Foster Griffin,1.2,0,0,0,0,1,0,0.00,6,23,14,9,4,1,4,1,0,0,,0,0,0.060,0.59,0.04%,0.70,0.7
DET202007270,"July 27, 2020",Kevin McCarthy,1.1,0,0,0,2,1,0,4.50,5,25,13,9,2,2,2,0,0,0,,1,0,0.030,0.52,0.02%,0.62,0.9
DET202007270,"July 27, 2020",Josh Staumont,1,2,1,1,0,3,1,4.50,5,18,13,6,4,3,1,1,0,0,,0,0,0.001,0.16,0.00%,0.19,-0.5
DET202007270,"July 27, 2020",Glenn Sparkman,2,2,0,0,0,2,0,3.00,8,28,22,11,5,6,3,3,0,0,,0,0,0.021,0.14,0.01%,0.17,1.1
DET202007270,"July 27, 2020",Gabe Speier,1,0,0,0,2,1,0,10.80,5,23,11,4,3,4,2,0,0,0,,0,0,0.001,0.01,0.00%,0.01,0.5
DET202007270,"July 27, 2020",Michael Fulmer,2.2,5,4,4,1,2,3,13.50,14,47,28,19,7,2,2,9,3,0,33,,,-0.219,0.80,-0.16%,0.96,-2.6
DET202007270,"July 27, 2020",Kyle Funkhouser,1,4,5,5,2,1,0,45.00,9,40,22,14,1,7,3,3,2,0,,1,0,-0.319,1.90,-0.23%,2.27,-2.7
DET202007270,"July 27, 2020",Beau Burrows,2.1,3,3,3,1,0,2,11.57,12,37,22,18,2,2,4,6,3,0,,2,2,-0.213,0.24,-0.15%,0.29,-3.4
DET202007270,"July 27, 2020",Carson Fulmer,1,0,0,0,1,1,0,0.00,4,21,11,7,3,1,2,0,0,0,,0,0,0.004,0.06,0.00%,0.07,0.5
DET202007270,"July 27, 2020",John Schreiber,1,0,0,0,0,1,0,0.00,3,15,9,5,0,4,1,1,1,0,,0,0,0.002,0.03,0.00%,0.04,0.5
DET202007270,"July 27, 2020",Anthony Castro,1,1,2,2,1,1,1,18.00,5,17,10,5,3,2,0,3,2,0,,0,0,-0.002,0.01,-0.00%,0.01,-1.5
HOU202007270,"July 27, 2020",Kendall Graveman,4,6,7,6,3,7,2,13.50,21,88,53,22,9,22,5,6,3,0,28,,,-0.420,1.05,-0.30%,1.25,-4.2
HOU202007270,"July 27, 2020",Taylor Guilbeau,1,2,1,1,1,0,0,9.00,6,21,13,7,2,4,2,3,3,0,,1,1,-0.054,0.39,-0.04%,0.47,-1.1
HOU202007270,"July 27, 2020",Yohan Ramirez,2,0,0,0,1,2,0,0.00,7,39,22,11,1,10,0,4,3,0,,0,0,0.021,0.23,0.01%,0.28,1.1
HOU202007270,"July 27, 2020",Nick Margevicius,1,0,0,0,0,0,0,0.00,3,5,3,3,0,0,1,2,0,0,,0,0,0.008,0.10,0.01%,0.11,0.5
HOU202007270,"July 27, 2020",Josh James,3,3,3,3,5,5,1,9.00,17,75,39,13,9,17,3,3,2,0,41,,,-0.153,1.20,-0.11%,1.43,-1.4
HOU202007270,"July 27, 2020",Brandon Bielak,3.1,4,2,1,0,4,0,2.70,14,53,37,20,7,10,4,6,4,0,,0,0,0.113,0.66,0.08%,0.78,0.5
HOU202007270,"July 27, 2020",Enoli Paredes,0.2,1,0,0,0,2,0,0.00,3,16,9,3,4,2,0,1,1,0,,1,1,0.010,0.94,0.01%,1.12,-0.3
HOU202007270,"July 27, 2020",Cy Sneed,1,0,0,0,1,0,0,0.00,4,18,11,6,0,5,1,2,0,0,,0,0,0.047,0.61,0.03%,0.72,0.5
HOU202007270,"July 27, 2020",Roberto Osuna,1,1,0,0,0,2,0,0.00,4,14,11,4,5,2,1,1,1,0,,0,0,0.037,0.66,0.03%,0.79,0.5
OAK202007270,"July 27, 2020",Griffin Canning,4.2,4,3,3,2,7,1,5.79,20,82,50,23,14,13,2,9,4,0,49,,,-0.115,0.72,-0.08%,0.85,-0.7
OAK202007270,"July 27, 2020",Félix Peña,2.1,1,0,0,0,4,0,0.00,8,39,25,10,7,8,2,2,1,0,,1,0,0.041,0.29,0.03%,0.35,1.3
OAK202007270,"July 27, 2020",Cam Bedrosian,1,1,0,0,1,1,0,0.00,5,20,13,5,2,6,1,2,0,0,,0,0,0.007,0.10,0.01%,0.12,0.5
